Ano,Mes,Dia,Evento,C. Amarelo,C. Vermelho,Adversário,Competição,Time,PLACAR,Resultado
2009,12,6,Gol,0,0,Cruzeiro,Brasileirão,Santos,1-2,Derrota
2009,11,29,Apenas Participação,0,0,Avaí,Brasileirão,Santos,2-2,Empate
2009,11,22,Gol,0,0,Coritiba,Brasileirão,Santos,4-0,Vitória
2009,11,22,Gol,0,0,Coritiba,Brasileirão,Santos,4-0,Vitória
2009,11,15,Gol,0,0,Internacional,Brasileirão,Santos,3-1,Derrota
2009,11,7,Gol,0,0,Náutico,Brasileirão,Santos,3-1,Vitória
2009,11,7,Gol,0,0,Náutico,Brasileirão,Santos,3-1,Vitória
2009,10,30,Apenas Participação,0,0,Suíça,Mundial Sub-17,Brasil,1-0,Derrota
2009,10,27,Apenas Participação,0,0,México,Mundial Sub-17,Brasil,0-1,Vitória
2009,10,24,Gol,0,0,Japão,Mundial Sub-17,Brasil,3-2,Derrota
2009,10,12,Cartão Amarelo,1,0,Vitória,Brasileirão,Santos,0-0,Empate
2009,10,7,Apenas Participação,0,0,Sport,Brasileirão,Santos,0-1,Vitória
2009,10,4,Assistência,1,0,Palmeiras,Brasileirão,Santos,1-3,Derrota
2009,10,4,Cartão Amarelo,1,0,Palmeiras,Brasileirão,Santos,1-3,Derrota
2009,9,27,Apenas Participação,0,0,Atlético Mineiro,Brasileirão,Santos,3-1,Derrota
2009,9,20,Apenas Participação,0,0,Botafogo,Brasileirão,Santos,0-0,Empate
2009,9,13,Assistência,0,0,Santo André,Brasileirão,Santos,1-0,Vitória
2009,9,2,Apenas Participação,0,0,Corinthians,Brasileirão,Santos,2-1,Derrota
2009,8,30,Apenas Participação,0,0,Fluminense,Brasileirão,Santos,2-0,Vitória
2009,8,26,Apenas Participação,0,0,Internacional,Brasileirão,Santos,3-3,Empate
2009,8,23,Apenas Participação,0,0,Goiás,Brasileirão,Santos,2-1,Derrota
2009,8,19,Apenas Participação,0,0,Grêmio,Brasileirão,Santos,1-0,Vitória
2009,8,16,Apenas Participação,0,0,Cruzeiro,Brasileirão,Santos,0-0,Empate
2009,8,8,Apenas Participação,0,0,Avaí,Brasileirão,Santos,2-2,Empate
2009,8,5,Apenas Participação,0,0,Coritiba,Brasileirão,Santos,0-1,Vitória
2009,7,29,Gol,0,0,Náutico,Brasileirão,Santos,1-2,Vitória
2009,7,29,Assistência,0,0,Náutico,Brasileirão,Santos,1-2,Vitória
2009,7,26,Apenas Participação,0,0,Flamengo,Brasileirão,Santos,1-2,Derrota
2009,7,22,Gol,1,0,Athletico Paranaense,Brasileirão,Santos,1-0,Vitória
2009,7,22,Cartão Amarelo,1,0,Athletico Paranaense,Brasileirão,Santos,1-0,Vitória
2009,7,19,Apenas Participação,0,0,São Paulo,Brasileirão,Santos,2-1,Derrota
2009,7,15,Gol,0,0,Grêmio Barueri,Brasileirão,Santos,3-3,Empate
2009,7,4,Assistência,1,0,Sport,Brasileirão,Santos,1-0,Vitória
2009,7,4,Cartão Amarelo,1,0,Sport,Brasileirão,Santos,1-0,Vitória
2009,6,28,Apenas Participação,0,0,Palmeiras,Brasileirão,Santos,1-1,Empate
2009,6,21,Gol,0,0,Atlético Mineiro,Brasileirão,Santos,2-3,Derrota
2009,6,13,Apenas Participação,0,0,Botafogo,Brasileirão,Santos,2-0,Derrota
2009,6,4,Cartão Amarelo,1,0,Santo André,Brasileirão,Santos,3-3,Empate
2009,5,31,Apenas Participação,0,0,Corinthians,Brasileirão,Santos,3-1,Vitória
2009,5,24,Apenas Participação,0,0,Fluminense,Brasileirão,Santos,1-4,Vitória
2009,5,17,Assistência,0,0,Goiás,Brasileirão,Santos,3-3,Empate
2009,5,17,Assistência,0,0,Goiás,Brasileirão,Santos,3-3,Empate
2009,5,10,Cartão Amarelo,1,0,Grêmio,Brasileirão,Santos,1-1,Empate
2009,5,3,Cartão Amarelo,1,0,Corinthians,Paulistão,Santos,1-1,Empate
2009,4,26,Apenas Participação,0,0,Corinthians,Paulistão,Santos,1-3,Derrota
2009,4,22,Apenas Participação,0,0,CSA,Copa do Brasil,Santos,0-1,Derrota
2009,4,18,Assistência,1,0,Palmeiras,Paulistão,Santos,1-2,Vitória
2009,4,18,Cartão Amarelo,1,0,Palmeiras,Paulistão,Santos,1-2,Vitória
2009,4,11,Gol,0,0,Palmeiras,Paulistão,Santos,2-1,Vitória
2009,4,8,Apenas Participação,0,0,CSA,Copa do Brasil,Santos,0-0,Empate
2009,4,5,Apenas Participação,0,0,Ponte Preta,Paulistão,Santos,2-3,Vitória
2009,4,2,Apenas Participação,0,0,Portuguesa,Paulistão,Santos,1-0,Vitória
2009,3,28,Apenas Participação,0,0,Grêmio Barueri,Paulistão,Santos,0-0,Empate
2009,3,25,Gol,0,0,Santo André,Paulistão,Santos,3-0,Vitória
2009,3,25,Assistência,0,0,Santo André,Paulistão,Santos,3-0,Vitória
2009,3,22,Apenas Participação,0,0,Corinthians,Paulistão,Santos,1-0,Derrota
2009,3,18,Gol,0,0,Rio Branco-AC,Copa do Brasil,Santos,4-0,Vitória
2009,3,18,Assistência,0,0,Rio Branco-AC,Copa do Brasil,Santos,4-0,Vitória
2009,3,15,Gol,0,0,Mogi Mirim,Paulistão,Santos,3-0,Vitória
2009,3,12,Apenas Participação,0,0,Paulista,Paulistão,Santos,1-1,Empate
2009,3,7,Apenas Participação,0,0,Osasco Sporting,Paulistão,Santos,1-2,Vitória
2010,12,5,Apenas Participação,0,0,Flamengo,Brasileirão,Santos,0-0,Empate
2010,11,28,Gol,1,0,Avaí,Brasileirão,Santos,3-2,Derrota
2010,11,28,Cartão Amarelo,1,0,Avaí,Brasileirão,Santos,3-2,Derrota
2010,11,21,Gol,1,0,Goiás,Brasileirão,Santos,1-4,Vitória
2010,11,21,Gol,1,0,Goiás,Brasileirão,Santos,1-4,Vitória
2010,11,21,Gol,1,0,Goiás,Brasileirão,Santos,1-4,Vitória
2010,11,21,Cartão Amarelo,1,0,Goiás,Brasileirão,Santos,1-4,Vitória
2010,11,17,Apenas Participação,0,0,Argentina,Amistosos da Seleção,Brasil,0-1,Derrota
2010,11,6,Gol,1,0,Atlético Mineiro,Brasileirão,Santos,2-2,Empate
2010,11,6,Gol,1,0,Atlético Mineiro,Brasileirão,Santos,2-2,Empate
2010,11,6,Cartão Amarelo,1,0,Atlético Mineiro,Brasileirão,Santos,2-2,Empate
2010,11,3,Gol,1,0,Vitória,Brasileirão,Santos,1-1,Empate
2010,11,3,Cartão Amarelo,1,0,Vitória,Brasileirão,Santos,1-1,Empate
2010,10,30,Apenas Participação,0,0,Internacional,Brasileirão,Santos,1-1,Empate
2010,10,24,Apenas Participação,0,0,Grêmio Barueri,Brasileirão,Santos,2-3,Derrota
2010,10,17,Gol,0,0,São Paulo,Brasileirão,Santos,4-3,Derrota
2010,10,13,Gol,0,0,Internacional,Brasileirão,Santos,1-0,Vitória
2010,10,9,Assistência,1,0,Athletico Paranaense,Brasileirão,Santos,2-0,Vitória
2010,10,9,Cartão Amarelo,1,0,Athletico Paranaense,Brasileirão,Santos,2-0,Vitória
2010,10,6,Apenas Participação,0,0,Fluminense,Brasileirão,Santos,0-3,Vitória
2010,10,2,Apenas Participação,0,0,Palmeiras,Brasileirão,Santos,1-1,Empate
2010,9,28,Apenas Participação,0,0,Vasco,Brasileirão,Santos,3-1,Derrota
2010,9,25,Gol,0,0,Cruzeiro,Brasileirão,Santos,4-1,Vitória
2010,9,22,Gol,0,0,Corinthians,Brasileirão,Santos,2-3,Derrota
2010,9,15,Assistência,0,0,Atlético Goianiense,Brasileirão,Santos,4-2,Vitória
2010,9,12,Assistência,0,0,Ceará,Brasileirão,Santos,2-1,Derrota
2010,9,9,Apenas Participação,0,0,Botafogo,Brasileirão,Santos,0-1,Derrota
2010,9,2,Gol,1,0,Avaí,Brasileirão,Santos,2-1,Vitória
2010,9,2,Cartão Amarelo,1,0,Avaí,Brasileirão,Santos,2-1,Vitória
2010,8,28,Apenas Participação,0,0,Goiás,Brasileirão,Santos,2-0,Vitória
2010,8,25,Gol,1,0,Grêmio,Brasileirão,Santos,1-2,Vitória
2010,8,25,Cartão Amarelo,1,0,Grêmio,Brasileirão,Santos,1-2,Vitória
2010,8,22,Gol,0,0,Atlético Mineiro,Brasileirão,Santos,2-0,Vitória
2010,8,22,Assistência,0,0,Atlético Mineiro,Brasileirão,Santos,2-0,Vitória
2010,8,18,Cartão Amarelo,1,0,Avaí,Copa Sul-Americana,Santos,0-1,Vitória
2010,8,12,Apenas Participação,0,0,Avaí,Copa Sul-Americana,Santos,1-3,Derrota
2010,8,10,Gol,0,0,Estados Unidos,Amistosos da Seleção,Brasil,0-2,Vitória
2010,8,4,Assistência,0,0,Vitória,Copa do Brasil,Santos,2-1,Derrota
2010,7,28,Gol,0,0,Vitória,Copa do Brasil,Santos,2-0,Vitória
2010,7,25,Apenas Participação,0,0,São Paulo,Brasileirão,Santos,1-0,Vitória
2010,7,21,Apenas Participação,0,0,Athletico Paranaense,Brasileirão,Santos,2-0,Derrota
2010,7,18,Apenas Participação,0,0,Fluminense,Brasileirão,Santos,0-1,Derrota
2010,7,15,Cartão Amarelo,1,0,Palmeiras,Brasileirão,Santos,2-1,Derrota
2010,6,2,Cartão Amarelo,1,0,Cruzeiro,Brasileirão,Santos,0-0,Empate
2010,5,30,Cartão Amarelo,1,0,Corinthians,Brasileirão,Santos,4-2,Derrota
2010,5,26,Gol,0,0,Guarani,Brasileirão,Santos,3-1,Vitória
2010,5,19,Cartão Amarelo,1,0,Grêmio,Copa do Brasil,Santos,3-1,Vitória
2010,5,16,Gol,1,0,Ceará,Brasileirão,Santos,1-1,Empate
2010,5,16,Cartão Amarelo,1,0,Ceará,Brasileirão,Santos,1-1,Empate
2010,5,8,Gol,0,0,Botafogo,Brasileirão,Santos,3-3,Empate
2010,5,5,Gol,1,0,Atlético Mineiro,Copa do Brasil,Santos,3-1,Vitória
2010,5,5,Assistência,1,0,Atlético Mineiro,Copa do Brasil,Santos,3-1,Vitória
2010,5,5,Cartão Amarelo,1,0,Atlético Mineiro,Copa do Brasil,Santos,3-1,Vitória
2010,5,2,Gol,1,0,Santo André,Paulistão,Santos,2-3,Derrota
2010,5,2,Gol,1,0,Santo André,Paulistão,Santos,2-3,Derrota
2010,5,2,Cartão Amarelo,1,0,Santo André,Paulistão,Santos,2-3,Derrota
2010,4,25,Apenas Participação,0,0,Santo André,Paulistão,Santos,2-3,Vitória
2010,4,18,Gol,0,0,São Paulo,Paulistão,Santos,3-0,Vitória
2010,4,18,Gol,0,0,São Paulo,Paulistão,Santos,3-0,Vitória
2010,4,14,Gol,1,0,Guarani,Copa do Brasil,Santos,8-1,Vitória
2010,4,14,Gol,1,0,Guarani,Copa do Brasil,Santos,8-1,Vitória
2010,4,14,Gol,1,0,Guarani,Copa do Brasil,Santos,8-1,Vitória
2010,4,14,Gol,1,0,Guarani,Copa do Brasil,Santos,8-1,Vitória
2010,4,14,Gol,1,0,Guarani,Copa do Brasil,Santos,8-1,Vitória
2010,4,14,Cartão Amarelo,1,0,Guarani,Copa do Brasil,Santos,8-1,Vitória
2010,4,11,Assistência,1,0,São Paulo,Paulistão,Santos,2-3,Vitória
2010,4,11,Cartão Amarelo,1,0,São Paulo,Paulistão,Santos,2-3,Vitória
2010,4,4,Gol,0,0,São Caetano,Paulistão,Santos,1-3,Vitória
2010,3,28,Apenas Participação,0,0,Monte Azul,Paulistão,Santos,5-0,Vitória
2010,3,18,Gol,0,0,Remo,Copa do Brasil,Santos,0-4,Vitória
2010,3,18,Gol,0,0,Remo,Copa do Brasil,Santos,0-4,Vitória
2010,3,18,Assistência,0,0,Remo,Copa do Brasil,Santos,0-4,Vitória
2010,3,18,Assistência,0,0,Remo,Copa do Brasil,Santos,0-4,Vitória
2010,3,14,Gol,1,1,Palmeiras,Paulistão,Santos,3-4,Derrota
2010,3,14,Cartão Amarelo,1,1,Palmeiras,Paulistão,Santos,3-4,Derrota
2010,3,14,Cartão Vermelho,1,1,Palmeiras,Paulistão,Santos,3-4,Derrota
2010,3,10,Gol,1,0,Naviraiense,Copa do Brasil,Santos,10-0,Vitória
2010,3,10,Gol,1,0,Naviraiense,Copa do Brasil,Santos,10-0,Vitória
2010,3,10,Assistência,1,0,Naviraiense,Copa do Brasil,Santos,10-0,Vitória
2010,3,10,Assistência,1,0,Naviraiense,Copa do Brasil,Santos,10-0,Vitória
2010,3,10,Assistência,1,0,Naviraiense,Copa do Brasil,Santos,10-0,Vitória
2010,3,10,Cartão Amarelo,1,0,Naviraiense,Copa do Brasil,Santos,10-0,Vitória
2010,3,7,Apenas Participação,0,0,Portuguesa,Paulistão,Santos,1-1,Empate
2010,3,4,Apenas Participação,0,0,Paulista,Paulistão,Santos,2-3,Vitória
2010,2,28,Gol,1,0,Corinthians,Paulistão,Santos,2-1,Vitória
2010,2,28,Assistência,1,0,Corinthians,Paulistão,Santos,2-1,Vitória
2010,2,28,Cartão Amarelo,1,0,Corinthians,Paulistão,Santos,2-1,Vitória
2010,2,24,Apenas Participação,0,0,Naviraiense,Copa do Brasil,Santos,0-1,Vitória
2010,2,18,Cartão Amarelo,1,0,Red Bull Bragantino,Paulistão,Santos,6-3,Vitória
2010,2,14,Apenas Participação,0,0,Rio Claro,Paulistão,Santos,2-1,Vitória
2010,2,7,Gol,0,0,São Paulo,Paulistão,Santos,1-2,Vitória
2010,2,4,Gol,0,0,Santo André,Paulistão,Santos,1-2,Vitória
2010,2,4,Assistência,0,0,Santo André,Paulistão,Santos,1-2,Vitória
2010,1,30,Gol,1,0,Osasco Sporting,Paulistão,Santos,2-0,Vitória
2010,1,30,Cartão Amarelo,1,0,Osasco Sporting,Paulistão,Santos,2-0,Vitória
2010,1,27,Gol,1,0,Grêmio Barueri,Paulistão,Santos,5-0,Vitória
2010,1,27,Gol,1,0,Grêmio Barueri,Paulistão,Santos,5-0,Vitória
2010,1,27,Assistência,1,0,Grêmio Barueri,Paulistão,Santos,5-0,Vitória
2010,1,27,Cartão Amarelo,1,0,Grêmio Barueri,Paulistão,Santos,5-0,Vitória
2010,1,24,Assistência,0,0,Mogi Mirim,Paulistão,Santos,2-1,Derrota
2010,1,20,Apenas Participação,0,0,Ponte Preta,Paulistão,Santos,1-1,Empate
2010,1,17,Gol,0,0,Rio Branco-SP,Paulistão,Santos,0-4,Vitória
2010,1,17,Gol,0,0,Rio Branco-SP,Paulistão,Santos,0-4,Vitória
2011,12,18,Apenas Participação,0,0,Barcelona,Mundial de Clubes,Santos,0-4,Vitória
2011,12,14,Gol,0,0,Kashiwa Reysol,Mundial de Clubes,Santos,1-3,Vitória
2011,11,27,Gol,0,0,Bahia,Brasileirão,Santos,1-1,Empate
2011,11,17,Cartão Amarelo,1,0,Atlético Goianiense,Brasileirão,Santos,1-1,Empate
2011,11,6,Gol,0,0,Vasco,Brasileirão,Santos,2-0,Vitória
2011,11,6,Assistência,0,0,Vasco,Brasileirão,Santos,2-0,Vitória
2011,10,29,Gol,1,0,Athletico Paranaense,Brasileirão,Santos,4-1,Vitória
2011,10,29,Gol,1,0,Athletico Paranaense,Brasileirão,Santos,4-1,Vitória
2011,10,29,Gol,1,0,Athletico Paranaense,Brasileirão,Santos,4-1,Vitória
2011,10,29,Gol,1,0,Athletico Paranaense,Brasileirão,Santos,4-1,Vitória
2011,10,29,Cartão Amarelo,1,0,Athletico Paranaense,Brasileirão,Santos,4-1,Vitória
2011,10,23,Gol,0,0,Flamengo,Brasileirão,Santos,1-1,Empate
2011,10,19,Gol,0,0,Botafogo,Brasileirão,Santos,2-0,Vitória
2011,10,13,Cartão Amarelo,1,1,Atlético Mineiro,Brasileirão,Santos,2-1,Derrota
2011,10,13,Cartão Vermelho,1,1,Atlético Mineiro,Brasileirão,Santos,2-1,Derrota
2011,10,11,Assistência,0,0,México,Amistosos da Seleção,Brasil,1-2,Vitória
2011,10,7,Gol,1,0,Costa Rica,Amistosos da Seleção,Brasil,0-1,Vitória
2011,10,7,Cartão Amarelo,1,0,Costa Rica,Amistosos da Seleção,Brasil,0-1,Vitória
2011,10,1,Gol,0,0,Fluminense,Brasileirão,Santos,3-2,Derrota
2011,10,1,Assistência,0,0,Fluminense,Brasileirão,Santos,3-2,Derrota
2011,9,28,Gol,0,0,Argentina,Amistosos da Seleção,Brasil,2-0,Vitória
2011,9,21,Assistência,1,0,América Mineiro,Brasileirão,Santos,1-2,Vitória
2011,9,21,Cartão Amarelo,1,0,América Mineiro,Brasileirão,Santos,1-2,Vitória
2011,9,18,Apenas Participação,0,0,Corinthians,Brasileirão,Santos,1-3,Vitória
2011,9,14,Apenas Participação,0,0,Argentina,Amistosos da Seleção,Brasil,0-0,Empate
2011,9,10,Apenas Participação,0,0,Cruzeiro,Brasileirão,Santos,1-0,Vitória
2011,9,7,Apenas Participação,0,0,Avaí,Brasileirão,Santos,1-2,Vitória
2011,9,5,Apenas Participação,0,0,Gana,Amistosos da Seleção,Brasil,1-0,Vitória
2011,8,31,Apenas Participação,0,0,Internacional,Brasileirão,Santos,3-3,Empate
2011,8,28,Apenas Participação,0,0,São Paulo,Brasileirão,Santos,1-1,Empate
2011,8,24,Apenas Participação,0,0,Fluminense,Brasileirão,Santos,2-1,Vitória
2011,8,21,Gol,0,0,Bahia,Brasileirão,Santos,1-2,Vitória
2011,8,17,Cartão Amarelo,1,0,Coritiba,Brasileirão,Santos,2-3,Derrota
2011,8,13,Cartão Amarelo,1,0,Atlético Goianiense,Brasileirão,Santos,2-0,Derrota
2011,8,10,Gol,0,0,Alemanha,Amistosos da Seleção,Brasil,3-2,Derrota
2011,8,3,Cartão Amarelo,1,0,Vasco,Brasileirão,Santos,2-0,Derrota
2011,7,31,Gol,1,0,Athletico Paranaense,Brasileirão,Santos,3-2,Derrota
2011,7,31,Cartão Amarelo,1,0,Athletico Paranaense,Brasileirão,Santos,3-2,Derrota
2011,7,27,Gol,1,0,Flamengo,Brasileirão,Santos,4-5,Derrota
2011,7,27,Gol,1,0,Flamengo,Brasileirão,Santos,4-5,Derrota
2011,7,27,Assistência,1,0,Flamengo,Brasileirão,Santos,4-5,Derrota
2011,7,27,Cartão Amarelo,1,0,Flamengo,Brasileirão,Santos,4-5,Derrota
2011,7,17,Apenas Participação,0,0,Paraguai,Copa América,Brasil,0-0(0-2)g.p.,
2011,7,13,Gol,0,0,Equador,Copa América,Brasil,4-2,Derrota
2011,7,13,Gol,0,0,Equador,Copa América,Brasil,4-2,Derrota
2011,7,9,Apenas Participação,0,0,Paraguai,Copa América,Brasil,2-2,Empate
2011,7,3,Apenas Participação,0,0,Venezuela,Copa América,Brasil,0-0,Empate
2011,6,22,Gol,1,0,Peñarol,Copa Libertadores,Santos,2-1,Vitória
2011,6,22,Cartão Amarelo,1,0,Peñarol,Copa Libertadores,Santos,2-1,Vitória
2011,6,15,Cartão Amarelo,1,0,Peñarol,Copa Libertadores,Santos,0-0,Empate
2011,6,7,Assistência,0,0,Romênia,Amistosos da Seleção,Brasil,1-0,Vitória
2011,6,4,Cartão Amarelo,1,0,Holanda,Amistosos da Seleção,Brasil,0-0,Empate
2011,6,1,Gol,0,0,Cerro Porteño,Copa Libertadores,Santos,3-3,Empate
2011,5,25,Assistência,1,0,Cerro Porteño,Copa Libertadores,Santos,1-0,Vitória
2011,5,25,Cartão Amarelo,1,0,Cerro Porteño,Copa Libertadores,Santos,1-0,Vitória
2011,5,18,Gol,0,0,Once Caldas,Copa Libertadores,Santos,1-1,Empate
2011,5,15,Gol,0,0,Corinthians,Paulistão,Santos,2-1,Vitória
2011,5,11,Assistência,0,0,Once Caldas,Copa Libertadores,Santos,0-1,Vitória
2011,5,8,Cartão Amarelo,1,0,Corinthians,Paulistão,Santos,0-0,Empate
2011,5,3,Apenas Participação,0,0,Club América,Copa Libertadores,Santos,0-0,Empate
2011,4,30,Assistência,0,0,São Paulo,Paulistão,Santos,0-2,Vitória
2011,4,27,Assistência,0,0,Club América,Copa Libertadores,Santos,1-0,Vitória
2011,4,23,Gol,0,0,Ponte Preta,Paulistão,Santos,1-0,Vitória
2011,4,20,Gol,0,0,Deportivo Táchira,Copa Libertadores,Santos,3-1,Vitória
2011,4,10,Cartão Amarelo,1,0,Guaratinguetá,Paulistão,Santos,0-0,Empate
2011,4,6,Gol,1,1,Colo-Colo,Copa Libertadores,Santos,3-2,Vitória
2011,4,6,Cartão Amarelo,1,1,Colo-Colo,Copa Libertadores,Santos,3-2,Vitória
2011,4,6,Cartão Vermelho,1,1,Colo-Colo,Copa Libertadores,Santos,3-2,Vitória
2011,4,3,Cartão Amarelo,1,0,Palmeiras,Paulistão,Santos,0-1,Derrota
2011,3,27,Gol,0,0,Escócia,Amistosos da Seleção,Brasil,2-0,Vitória
2011,3,27,Gol,0,0,Escócia,Amistosos da Seleção,Brasil,2-0,Vitória
2011,3,19,Cartão Amarelo,1,0,Red Bull Bragantino,Paulistão,Santos,2-1,Derrota
2011,3,16,Gol,1,0,Colo-Colo,Copa Libertadores,Santos,3-2,Derrota
2011,3,16,Cartão Amarelo,1,0,Colo-Colo,Copa Libertadores,Santos,3-2,Derrota
2011,3,12,Apenas Participação,0,0,Botafogo-SP,Paulistão,Santos,2-1,Vitória
2011,3,9,Gol,0,0,Portuguesa,Paulistão,Santos,3-0,Vitória
2011,3,9,Gol,0,0,Portuguesa,Paulistão,Santos,3-0,Vitória
2011,3,9,Assistência,0,0,Portuguesa,Paulistão,Santos,3-0,Vitória
2011,3,2,Cartão Amarelo,1,0,Cerro Porteño,Copa Libertadores,Santos,1-1,Empate
2011,2,26,Apenas Participação,0,0,São Bernardo,Paulistão,Santos,1-1,Empate
2011,2,20,Apenas Participação,0,0,Corinthians,Paulistão,Santos,3-1,Derrota
2011,2,15,Apenas Participação,0,0,Deportivo Táchira,Copa Libertadores,Santos,0-0,Empate
2011,2,13,Gol,0,0,Uruguai,Sul-Americano Sub-20,Brasil,0-6,Vitória
2011,2,13,Gol,0,0,Uruguai,Sul-Americano Sub-20,Brasil,0-6,Vitória
2011,2,6,Cartão Amarelo,1,0,Argentina,Sul-Americano Sub-20,Brasil,2-1,Derrota
2011,2,4,Apenas Participação,0,0,Colômbia,Sul-Americano Sub-20,Brasil,2-0,Derrota
2011,1,31,Gol,1,0,Chile,Sul-Americano Sub-20,Brasil,1-5,Vitória
2011,1,31,Gol,1,0,Chile,Sul-Americano Sub-20,Brasil,1-5,Vitória
2011,1,31,Cartão Amarelo,1,0,Chile,Sul-Americano Sub-20,Brasil,1-5,Vitória
2011,1,26,Apenas Participação,0,0,Equador,Sul-Americano Sub-20,Brasil,0-1,Vitória
2011,1,23,Apenas Participação,0,0,Bolívia,Sul-Americano Sub-20,Brasil,1-1,Empate
2011,1,21,Gol,0,0,Colômbia,Sul-Americano Sub-20,Brasil,1-3,Vitória
2011,1,18,Gol,1,0,Paraguai,Sul-Americano Sub-20,Brasil,4-2,Derrota
2011,1,18,Gol,1,0,Paraguai,Sul-Americano Sub-20,Brasil,4-2,Derrota
2011,1,18,Gol,1,0,Paraguai,Sul-Americano Sub-20,Brasil,4-2,Derrota
2011,1,18,Gol,1,0,Paraguai,Sul-Americano Sub-20,Brasil,4-2,Derrota
2011,1,18,Cartão Amarelo,1,0,Paraguai,Sul-Americano Sub-20,Brasil,4-2,Derrota
2012,12,1,Gol,0,0,Palmeiras,Brasileirão,Santos,3-1,Vitória
2012,12,1,Gol,0,0,Palmeiras,Brasileirão,Santos,3-1,Vitória
2012,12,1,Assistência,0,0,Palmeiras,Brasileirão,Santos,3-1,Vitória
2012,11,21,Apenas Participação,0,0,Argentina,Amistosos da Seleção,Brasil,2-1,Derrota
2012,11,17,Cartão Amarelo,1,0,Figueirense,Brasileirão,Santos,2-0,Vitória
2012,11,14,Gol,0,0,Colômbia,Amistosos da Seleção,Brasil,1-1,Empate
2012,11,10,Cartão Amarelo,1,0,Atlético Goianiense,Brasileirão,Santos,2-1,Derrota
2012,11,3,Gol,0,0,Cruzeiro,Brasileirão,Santos,0-4,Vitória
2012,11,3,Gol,0,0,Cruzeiro,Brasileirão,Santos,0-4,Vitória
2012,11,3,Gol,0,0,Cruzeiro,Brasileirão,Santos,0-4,Vitória
2012,11,3,Assistência,0,0,Cruzeiro,Brasileirão,Santos,0-4,Vitória
2012,10,25,Apenas Participação,0,0,Náutico,Brasileirão,Santos,0-0,Empate
2012,10,21,Apenas Participação,0,0,Ponte Preta,Brasileirão,Santos,1-0,Derrota
2012,10,17,Gol,0,0,Atlético Mineiro,Brasileirão,Santos,2-2,Empate
2012,10,15,Gol,0,0,Japão,Amistosos da Seleção,Brasil,0-4,Vitória
2012,10,15,Gol,0,0,Japão,Amistosos da Seleção,Brasil,0-4,Vitória
2012,10,15,Assistência,0,0,Japão,Amistosos da Seleção,Brasil,0-4,Vitória
2012,10,11,Gol,0,0,Iraque,Amistosos da Seleção,Brasil,6-0,Vitória
2012,10,11,Assistência,0,0,Iraque,Amistosos da Seleção,Brasil,6-0,Vitória
2012,10,11,Assistência,0,0,Iraque,Amistosos da Seleção,Brasil,6-0,Vitória
2012,9,30,Cartão Amarelo,1,1,Grêmio,Brasileirão,Santos,1-1,Empate
2012,9,30,Cartão Vermelho,1,1,Grêmio,Brasileirão,Santos,1-1,Empate
2012,9,26,Gol,0,0,Universidad de Chile,Recopa Sul-Americana,Santos,2-0,Vitória
2012,9,19,Gol,1,0,Argentina,Amistosos da Seleção,Brasil,2-1,Vitória
2012,9,19,Assistência,1,0,Argentina,Amistosos da Seleção,Brasil,2-1,Vitória
2012,9,19,Cartão Amarelo,1,0,Argentina,Amistosos da Seleção,Brasil,2-1,Vitória
2012,9,16,Gol,1,0,Coritiba,Brasileirão,Santos,1-2,Vitória
2012,9,16,Gol,1,0,Coritiba,Brasileirão,Santos,1-2,Vitória
2012,9,16,Cartão Amarelo,1,0,Coritiba,Brasileirão,Santos,1-2,Vitória
2012,9,12,Gol,0,0,Flamengo,Brasileirão,Santos,2-0,Vitória
2012,9,10,Gol,0,0,China,Amistosos da Seleção,Brasil,8-0,Vitória
2012,9,10,Gol,0,0,China,Amistosos da Seleção,Brasil,8-0,Vitória
2012,9,10,Gol,0,0,China,Amistosos da Seleção,Brasil,8-0,Vitória
2012,9,7,Apenas Participação,0,0,África do Sul,Amistosos da Seleção,Brasil,1-0,Vitória
2012,8,29,Assistência,0,0,Bahia,Brasileirão,Santos,1-3,Derrota
2012,8,25,Gol,0,0,Palmeiras,Brasileirão,Santos,1-2,Vitória
2012,8,25,Gol,0,0,Palmeiras,Brasileirão,Santos,1-2,Vitória
2012,8,22,Apenas Participação,0,0,Universidad de Chile,Recopa Sul-Americana,Santos,0-0,Empate
2012,8,19,Assistência,1,0,Corinthians,Brasileirão,Santos,3-2,Vitória
2012,8,19,Assistência,1,0,Corinthians,Brasileirão,Santos,3-2,Vitória
2012,8,19,Cartão Amarelo,1,0,Corinthians,Brasileirão,Santos,3-2,Vitória
2012,8,16,Gol,0,0,Figueirense,Brasileirão,Santos,1-3,Vitória
2012,8,16,Assistência,0,0,Figueirense,Brasileirão,Santos,1-3,Vitória
2012,8,15,Assistência,0,0,Suécia,Amistosos da Seleção,Brasil,0-3,Vitória
2012,8,11,Apenas Participação,0,0,México,Jogos Olímpicos,Brasil,1-2,Vitória
2012,8,7,Apenas Participação,0,0,Coreia do Sul,Jogos Olímpicos,Brasil,0-3,Vitória
2012,8,4,Gol,0,0,Honduras,Jogos Olímpicos,Brasil,3-2,Derrota
2012,8,1,Apenas Participação,0,0,Nova Zelândia,Jogos Olímpicos,Brasil,3-0,Derrota
2012,7,29,Gol,0,0,Bielorrússia,Jogos Olímpicos,Brasil,3-1,Derrota
2012,7,26,Gol,0,0,Egito,Jogos Olímpicos,Brasil,3-2,Derrota
2012,7,20,Gol,0,0,Grã-Bretanha Olímpicos,Amistosos da Seleção,Brasil Olímpicos,0-2,Vitória
2012,7,8,Gol,0,0,Grêmio,Brasileirão,Santos,4-2,Vitória
2012,7,8,Assistência,0,0,Grêmio,Brasileirão,Santos,4-2,Vitória
2012,7,1,Cartão Amarelo,1,0,Portuguesa,Brasileirão,Santos,0-0,Empate
2012,6,24,Gol,0,0,Coritiba,Brasileirão,Santos,2-2,Empate
2012,6,20,Gol,0,0,Corinthians,Copa Libertadores,Santos,1-1,Empate
2012,6,13,Cartão Amarelo,1,0,Corinthians,Copa Libertadores,Santos,0-1,Derrota
2012,6,9,Assistência,0,0,Argentina,Amistosos da Seleção,Brasil,4-3,Derrota
2012,6,3,Cartão Amarelo,1,0,México,Amistosos da Seleção,Brasil,0-2,Derrota
2012,5,30,Gol,0,0,Estados Unidos,Amistosos da Seleção,Brasil,1-4,Vitória
2012,5,30,Assistência,0,0,Estados Unidos,Amistosos da Seleção,Brasil,1-4,Vitória
2012,5,30,Assistência,0,0,Estados Unidos,Amistosos da Seleção,Brasil,1-4,Vitória
2012,5,24,Cartão Amarelo,1,0,Vélez Sarsfield,Copa Libertadores,Santos,1-0(4-2)g.p.,
2012,5,17,Cartão Amarelo,1,0,Vélez Sarsfield,Copa Libertadores,Santos,1-0,Derrota
2012,5,13,Gol,1,0,Guarani,Paulistão,Santos,4-2,Vitória
2012,5,13,Gol,1,0,Guarani,Paulistão,Santos,4-2,Vitória
2012,5,13,Cartão Amarelo,1,0,Guarani,Paulistão,Santos,4-2,Vitória
2012,5,10,Gol,0,0,Bolívar,Copa Libertadores,Santos,8-0,Vitória
2012,5,10,Gol,0,0,Bolívar,Copa Libertadores,Santos,8-0,Vitória
2012,5,10,Assistência,0,0,Bolívar,Copa Libertadores,Santos,8-0,Vitória
2012,5,10,Assistência,0,0,Bolívar,Copa Libertadores,Santos,8-0,Vitória
2012,5,10,Assistência,0,0,Bolívar,Copa Libertadores,Santos,8-0,Vitória
2012,5,6,Gol,0,0,Guarani,Paulistão,Santos,0-3,Vitória
2012,5,6,Gol,0,0,Guarani,Paulistão,Santos,0-3,Vitória
2012,4,29,Gol,0,0,São Paulo,Paulistão,Santos,1-3,Vitória
2012,4,29,Gol,0,0,São Paulo,Paulistão,Santos,1-3,Vitória
2012,4,29,Gol,0,0,São Paulo,Paulistão,Santos,1-3,Vitória
2012,4,25,Apenas Participação,0,0,Bolívar,Copa Libertadores,Santos,2-1,Derrota
2012,4,22,Gol,0,0,Mogi Mirim,Paulistão,Santos,2-0,Vitória
2012,4,22,Assistência,0,0,Mogi Mirim,Paulistão,Santos,2-0,Vitória
2012,4,19,Gol,0,0,The Strongest,Copa Libertadores,Santos,2-0,Vitória
2012,4,19,Assistência,0,0,The Strongest,Copa Libertadores,Santos,2-0,Vitória
2012,4,15,Gol,0,0,Catanduvense,Paulistão,Santos,5-0,Vitória
2012,4,15,Assistência,0,0,Catanduvense,Paulistão,Santos,5-0,Vitória
2012,4,15,Assistência,0,0,Catanduvense,Paulistão,Santos,5-0,Vitória
2012,4,15,Assistência,0,0,Catanduvense,Paulistão,Santos,5-0,Vitória
2012,4,8,Gol,0,0,São Caetano,Paulistão,Santos,2-1,Derrota
2012,4,4,Cartão Amarelo,1,0,Internacional,Copa Libertadores,Santos,1-1,Empate
2012,3,29,Gol,0,0,Guaratinguetá,Paulistão,Santos,5-0,Vitória
2012,3,29,Gol,0,0,Guaratinguetá,Paulistão,Santos,5-0,Vitória
2012,3,29,Gol,0,0,Guaratinguetá,Paulistão,Santos,5-0,Vitória
2012,3,25,Apenas Participação,0,0,Red Bull Bragantino,Paulistão,Santos,2-0,Vitória
2012,3,22,Gol,0,0,Juan Aurich,Copa Libertadores,Santos,2-0,Vitória
2012,3,18,Gol,0,0,São Paulo,Paulistão,Santos,3-2,Derrota
2012,3,15,Apenas Participação,0,0,Juan Aurich,Copa Libertadores,Santos,1-3,Vitória
2012,3,7,Gol,1,0,Internacional,Copa Libertadores,Santos,3-1,Vitória
2012,3,7,Gol,1,0,Internacional,Copa Libertadores,Santos,3-1,Vitória
2012,3,7,Gol,1,0,Internacional,Copa Libertadores,Santos,3-1,Vitória
2012,3,7,Cartão Amarelo,1,0,Internacional,Copa Libertadores,Santos,3-1,Vitória
2012,3,4,Apenas Participação,0,0,Corinthians,Paulistão,Santos,1-0,Vitória
2012,2,28,Apenas Participação,0,0,Bósnia-Herzgovina,Amistosos da Seleção,Brasil,1-2,Vitória
2012,2,25,Gol,1,0,Ponte Preta,Paulistão,Santos,6-1,Vitória
2012,2,25,Gol,1,0,Ponte Preta,Paulistão,Santos,6-1,Vitória
2012,2,25,Assistência,1,0,Ponte Preta,Paulistão,Santos,6-1,Vitória
2012,2,25,Assistência,1,0,Ponte Preta,Paulistão,Santos,6-1,Vitória
2012,2,25,Cartão Amarelo,1,0,Ponte Preta,Paulistão,Santos,6-1,Vitória
2012,2,22,Assistência,0,0,Comercial,Paulistão,Santos,2-0,Vitória
2012,2,18,Cartão Amarelo,1,0,Mirassol,Paulistão,Santos,1-3,Vitória
2012,2,15,Cartão Amarelo,1,0,The Strongest,Copa Libertadores,Santos,2-1,Derrota
2012,2,9,Gol,0,0,Botafogo-SP,Paulistão,Santos,1-4,Vitória
2012,2,9,Gol,0,0,Botafogo-SP,Paulistão,Santos,1-4,Vitória
2012,2,9,Gol,0,0,Botafogo-SP,Paulistão,Santos,1-4,Vitória
2012,2,9,Assistência,0,0,Botafogo-SP,Paulistão,Santos,1-4,Vitória
2012,2,5,Gol,1,0,Palmeiras,Paulistão,Santos,1-2,Derrota
2012,2,5,Cartão Amarelo,1,0,Palmeiras,Paulistão,Santos,1-2,Derrota
2012,2,2,Apenas Participação,0,0,Osasco Sporting,Paulistão,Santos,1-1,Empate
2013,12,17,Gol,0,0,Cartagena,Copa do Rei (Espanha),Barcelona,3-0,Vitória
2013,12,14,Gol,1,0,Villarreal,La Liga (Espanha),Barcelona,2-1,Vitória
2013,12,14,Gol,1,0,Villarreal,La Liga (Espanha),Barcelona,2-1,Vitória
2013,12,14,Cartão Amarelo,1,0,Villarreal,La Liga (Espanha),Barcelona,2-1,Vitória
2013,12,11,Gol,0,0,Celtic,Champions League,Barcelona,6-1,Vitória
2013,12,11,Gol,0,0,Celtic,Champions League,Barcelona,6-1,Vitória
2013,12,11,Gol,0,0,Celtic,Champions League,Barcelona,6-1,Vitória
2013,12,11,Assistência,0,0,Celtic,Champions League,Barcelona,6-1,Vitória
2013,12,6,Apenas Participação,0,0,Cartagena,Copa do Rei (Espanha),Barcelona,1-4,Vitória
2013,12,1,Cartão Amarelo,1,0,Athletic Bilbao,La Liga (Espanha),Barcelona,1-0,Derrota
2013,11,26,Cartão Amarelo,1,0,Ajax,Champions League,Barcelona,2-1,Derrota
2013,11,23,Assistência,1,0,Granada,La Liga (Espanha),Barcelona,4-0,Vitória
2013,11,23,Cartão Amarelo,1,0,Granada,La Liga (Espanha),Barcelona,4-0,Vitória
2013,11,19,Apenas Participação,0,0,Chile,Amistosos da Seleção,Brasil,2-1,Derrota
2013,11,16,Assistência,0,0,Honduras,Amistosos da Seleção,Brasil,0-5,Vitória
2013,11,10,Gol,0,0,Real Betis,La Liga (Espanha),Barcelona,1-4,Vitória
2013,11,6,Apenas Participação,0,0,Milan,Champions League,Barcelona,3-1,Vitória
2013,11,1,Assistência,0,0,Espanyol,La Liga (Espanha),Barcelona,1-0,Vitória
2013,10,29,Apenas Participação,0,0,Celta de Vigo,La Liga (Espanha),Barcelona,0-3,Vitória
2013,10,26,Gol,0,0,Real Madrid,La Liga (Espanha),Barcelona,2-1,Vitória
2013,10,26,Assistência,0,0,Real Madrid,La Liga (Espanha),Barcelona,2-1,Vitória
2013,10,22,Apenas Participação,0,0,Milan,Champions League,Barcelona,1-1,Empate
2013,10,19,Apenas Participação,0,0,Osasuna,La Liga (Espanha),Barcelona,0-0,Empate
2013,10,15,Assistência,0,0,Zâmbia,Amistosos da Seleção,Brasil,2-0,Vitória
2013,10,12,Gol,0,0,Coreia do Sul,Amistosos da Seleção,Brasil,0-2,Vitória
2013,10,5,Gol,0,0,Valladolid,La Liga (Espanha),Barcelona,4-1,Vitória
2013,10,5,Assistência,0,0,Valladolid,La Liga (Espanha),Barcelona,4-1,Vitória
2013,10,1,Apenas Participação,0,0,Celtic,Champions League,Barcelona,0-1,Vitória
2013,9,28,Apenas Participação,0,0,Almería,La Liga (Espanha),Barcelona,0-2,Vitória
2013,9,24,Gol,0,0,Real Sociedad,La Liga (Espanha),Barcelona,4-1,Vitória
2013,9,24,Assistência,0,0,Real Sociedad,La Liga (Espanha),Barcelona,4-1,Vitória
2013,9,21,Assistência,0,0,Rayo Vallecano,La Liga (Espanha),Barcelona,0-4,Vitória
2013,9,18,Assistência,0,0,Ajax,Champions League,Barcelona,4-0,Vitória
2013,9,14,Assistência,0,0,Sevilla,La Liga (Espanha),Barcelona,3-2,Vitória
2013,9,10,Gol,1,0,Portugal,Amistosos da Seleção,Brasil,3-1,Vitória
2013,9,10,Assistência,1,0,Portugal,Amistosos da Seleção,Brasil,3-1,Vitória
2013,9,10,Cartão Amarelo,1,0,Portugal,Amistosos da Seleção,Brasil,3-1,Vitória
2013,9,7,Gol,0,0,Austrália,Amistosos da Seleção,Brasil,6-0,Vitória
2013,9,7,Assistência,0,0,Austrália,Amistosos da Seleção,Brasil,6-0,Vitória
2013,9,7,Assistência,0,0,Austrália,Amistosos da Seleção,Brasil,6-0,Vitória
2013,9,1,Assistência,1,0,Valencia,La Liga (Espanha),Barcelona,2-3,Vitória
2013,9,1,Cartão Amarelo,1,0,Valencia,La Liga (Espanha),Barcelona,2-3,Vitória
2013,8,28,Apenas Participação,0,0,Atlético de Madrid,Supercopa da Espanha,Barcelona,0-0,Empate
2013,8,25,Apenas Participação,0,0,Málaga,La Liga (Espanha),Barcelona,0-1,Vitória
2013,8,21,Gol,1,0,Atlético de Madrid,Supercopa da Espanha,Barcelona,1-1,Empate
2013,8,21,Cartão Amarelo,1,0,Atlético de Madrid,Supercopa da Espanha,Barcelona,1-1,Empate
2013,8,18,Cartão Amarelo,1,0,Levante,La Liga (Espanha),Barcelona,7-0,Vitória
2013,8,14,Cartão Amarelo,1,0,Suíça,Amistosos da Seleção,Brasil,1-0,Derrota
2013,6,30,Gol,0,0,Espanha,CC,Brasil,3-0,Derrota
2013,6,26,Assistência,0,0,Uruguai,CC,Brasil,2-1,Derrota
2013,6,22,Gol,1,0,Itália,CC,Brasil,2-4,Vitória
2013,6,22,Cartão Amarelo,1,0,Itália,CC,Brasil,2-4,Vitória
2013,6,19,Gol,0,0,México,CC,Brasil,2-0,Derrota
2013,6,19,Assistência,0,0,México,CC,Brasil,2-0,Derrota
2013,6,15,Gol,0,0,Japão,CC,Brasil,3-0,Derrota
2013,6,9,Assistência,0,0,França,Amistosos da Seleção,Brasil,3-0,Vitória
2013,6,2,Apenas Participação,0,0,Inglaterra,Amistosos da Seleção,Brasil,2-2,Empate
2013,5,26,Apenas Participação,0,0,Flamengo,Brasileirão,Santos,0-0,Empate
2013,5,22,Apenas Participação,0,0,Joinville,Copa do Brasil,Santos,0-0,Empate
2013,5,19,Apenas Participação,0,0,Corinthians,Paulistão,Santos,1-1,Empate
2013,5,12,Apenas Participação,0,0,Corinthians,Paulistão,Santos,2-1,Derrota
2013,5,8,Apenas Participação,0,0,Joinville,Copa do Brasil,Santos,0-1,Vitória
2013,5,4,Apenas Participação,0,0,Mogi Mirim,Paulistão,Santos,1-1(4-5)g.p.,
2013,4,27,Assistência,0,0,Palmeiras,Paulistão,Santos,1-1(4-2)g.p.,
2013,4,24,Gol,0,0,Chile,Amistosos da Seleção,Brasil,2-2,Empate
2013,4,24,Assistência,0,0,Chile,Amistosos da Seleção,Brasil,2-2,Empate
2013,4,21,Assistência,0,0,Penapolense,Paulistão,Santos,2-1,Vitória
2013,4,17,Gol,0,0,Flamengo-PI,Copa do Brasil,Santos,2-0,Vitória
2013,4,13,Gol,0,0,União Barbarense,Paulistão,Santos,0-4,Vitória
2013,4,13,Gol,0,0,União Barbarense,Paulistão,Santos,0-4,Vitória
2013,4,13,Gol,0,0,União Barbarense,Paulistão,Santos,0-4,Vitória
2013,4,13,Gol,0,0,União Barbarense,Paulistão,Santos,0-4,Vitória
2013,4,10,Assistência,0,0,Flamengo-PI,Copa do Brasil,Santos,2-2,Empate
2013,4,10,Assistência,0,0,Flamengo-PI,Copa do Brasil,Santos,2-2,Empate
2013,4,6,Gol,0,0,Bolívia,Amistosos da Seleção,Brasil,0-4,Vitória
2013,4,6,Gol,0,0,Bolívia,Amistosos da Seleção,Brasil,0-4,Vitória
2013,4,4,Gol,1,0,São Caetano,Paulistão,Santos,1-1,Empate
2013,4,4,Cartão Amarelo,1,0,São Caetano,Paulistão,Santos,1-1,Empate
2013,3,31,Gol,0,0,Osasco Sporting,Paulistão,Santos,1-2,Vitória
2013,3,28,Assistência,0,0,Mogi Mirim,Paulistão,Santos,2-2,Empate
2013,3,25,Apenas Participação,0,0,Rússia,Amistosos da Seleção,Brasil,1-1,Empate
2013,3,21,Assistência,0,0,Itália,Amistosos da Seleção,Brasil,2-2,Empate
2013,3,16,Assistência,0,0,Guarani,Paulistão,Santos,2-1,Vitória
2013,3,3,Cartão Amarelo,1,0,Corinthians,Paulistão,Santos,0-0,Empate
2013,2,17,Cartão Vermelho,0,1,Ponte Preta,Paulistão,Santos,3-1,Derrota
2013,2,10,Gol,1,0,Paulista,Paulistão,Santos,1-3,Derrota
2013,2,10,Cartão Amarelo,1,0,Paulista,Paulistão,Santos,1-3,Derrota
2013,2,6,Apenas Participação,0,0,Inglaterra,Amistosos da Seleção,Brasil,2-1,Derrota
2013,2,3,Gol,0,0,São Paulo,Paulistão,Santos,3-1,Vitória
2013,2,3,Assistência,0,0,São Paulo,Paulistão,Santos,3-1,Vitória
2013,2,3,Assistência,0,0,São Paulo,Paulistão,Santos,3-1,Vitória
2013,1,30,Apenas Participação,0,0,Ituano,Paulistão,Santos,0-1,Vitória
2013,1,27,Gol,0,0,Red Bull Bragantino,Paulistão,Santos,2-2,Empate
2013,1,23,Gol,0,0,Botafogo-SP,Paulistão,Santos,3-0,Vitória
2013,1,23,Assistência,0,0,Botafogo-SP,Paulistão,Santos,3-0,Vitória
2013,1,19,Gol,1,0,São Bernardo,Paulistão,Santos,1-3,Vitória
2013,1,19,Gol,1,0,São Bernardo,Paulistão,Santos,1-3,Vitória
2013,1,19,Cartão Amarelo,1,0,São Bernardo,Paulistão,Santos,1-3,Vitória
2014,12,20,Apenas Participação,0,0,Córdoba,La Liga (Espanha),Barcelona,5-0,Vitória
2014,12,10,Gol,0,0,PSG,Champions League,Barcelona,3-1,Vitória
2014,12,7,Apenas Participação,0,0,Espanyol,La Liga (Espanha),Barcelona,5-1,Vitória
2014,11,30,Apenas Participação,0,0,Valencia,La Liga (Espanha),Barcelona,0-1,Vitória
2014,11,25,Apenas Participação,0,0,APOEL,Champions League,Barcelona,0-4,Vitória
2014,11,22,Gol,0,0,Sevilla,La Liga (Espanha),Barcelona,5-1,Vitória
2014,11,22,Assistência,0,0,Sevilla,La Liga (Espanha),Barcelona,5-1,Vitória
2014,11,22,Assistência,0,0,Sevilla,La Liga (Espanha),Barcelona,5-1,Vitória
2014,11,18,Apenas Participação,0,0,Áustria,Amistosos da Seleção,Brasil,1-2,Vitória
2014,11,12,Gol,0,0,Turquia,Amistosos da Seleção,Brasil,0-4,Vitória
2014,11,12,Gol,0,0,Turquia,Amistosos da Seleção,Brasil,0-4,Vitória
2014,11,12,Assistência,0,0,Turquia,Amistosos da Seleção,Brasil,0-4,Vitória
2014,11,8,Gol,0,0,Almería,La Liga (Espanha),Barcelona,1-2,Vitória
2014,11,5,Apenas Participação,0,0,Ajax,Champions League,Barcelona,0-2,Vitória
2014,11,1,Apenas Participação,0,0,Celta de Vigo,La Liga (Espanha),Barcelona,0-1,Derrota
2014,10,25,Gol,1,0,Real Madrid,La Liga (Espanha),Barcelona,3-1,Derrota
2014,10,25,Cartão Amarelo,1,0,Real Madrid,La Liga (Espanha),Barcelona,3-1,Derrota
2014,10,21,Gol,0,0,Ajax,Champions League,Barcelona,3-1,Vitória
2014,10,18,Gol,1,0,Eibar,La Liga (Espanha),Barcelona,3-0,Vitória
2014,10,18,Assistência,1,0,Eibar,La Liga (Espanha),Barcelona,3-0,Vitória
2014,10,18,Cartão Amarelo,1,0,Eibar,La Liga (Espanha),Barcelona,3-0,Vitória
2014,10,14,Gol,0,0,Japão,Amistosos da Seleção,Brasil,0-4,Vitória
2014,10,14,Gol,0,0,Japão,Amistosos da Seleção,Brasil,0-4,Vitória
2014,10,14,Gol,0,0,Japão,Amistosos da Seleção,Brasil,0-4,Vitória
2014,10,14,Gol,0,0,Japão,Amistosos da Seleção,Brasil,0-4,Vitória
2014,10,11,Apenas Participação,0,0,Argentina,Amistosos da Seleção,Brasil,2-0,Vitória
2014,10,4,Gol,0,0,Rayo Vallecano,La Liga (Espanha),Barcelona,0-2,Vitória
2014,9,30,Gol,0,0,PSG,Champions League,Barcelona,3-2,Derrota
2014,9,27,Gol,0,0,Granada,La Liga (Espanha),Barcelona,6-0,Vitória
2014,9,27,Gol,0,0,Granada,La Liga (Espanha),Barcelona,6-0,Vitória
2014,9,27,Gol,0,0,Granada,La Liga (Espanha),Barcelona,6-0,Vitória
2014,9,24,Apenas Participação,0,0,Málaga,La Liga (Espanha),Barcelona,0-0,Empate
2014,9,21,Gol,0,0,Levante,La Liga (Espanha),Barcelona,0-5,Vitória
2014,9,17,Apenas Participação,0,0,APOEL,Champions League,Barcelona,1-0,Vitória
2014,9,13,Gol,0,0,Athletic Bilbao,La Liga (Espanha),Barcelona,2-0,Vitória
2014,9,13,Gol,0,0,Athletic Bilbao,La Liga (Espanha),Barcelona,2-0,Vitória
2014,9,9,Assistência,0,0,Equador,Amistosos da Seleção,Brasil,1-0,Vitória
2014,9,5,Gol,0,0,Colômbia,Amistosos da Seleção,Brasil,1-0,Vitória
2014,8,31,Apenas Participação,0,0,Villarreal,La Liga (Espanha),Barcelona,0-1,Vitória
2014,7,4,Assistência,0,0,Colômbia,Copa do Mundo,Brasil,2-1,Derrota
2014,6,28,Apenas Participação,0,0,Chile,Copa do Mundo,Brasil,1-1(3-2)g.p.,
2014,6,23,Gol,0,0,Camarões,Copa do Mundo,Brasil,1-4,Vitória
2014,6,23,Gol,0,0,Camarões,Copa do Mundo,Brasil,1-4,Vitória
2014,6,17,Apenas Participação,0,0,México,Copa do Mundo,Brasil,0-0,Empate
2014,6,12,Gol,1,0,Croácia,Copa do Mundo,Brasil,3-1,Derrota
2014,6,12,Gol,1,0,Croácia,Copa do Mundo,Brasil,3-1,Derrota
2014,6,12,Cartão Amarelo,1,0,Croácia,Copa do Mundo,Brasil,3-1,Derrota
2014,6,6,Apenas Participação,0,0,Sérvia,Amistosos da Seleção,Brasil,1-0,Vitória
2014,6,3,Gol,1,0,Panamá,Amistosos da Seleção,Brasil,4-0,Vitória
2014,6,3,Assistência,1,0,Panamá,Amistosos da Seleção,Brasil,4-0,Vitória
2014,6,3,Cartão Amarelo,1,0,Panamá,Amistosos da Seleção,Brasil,4-0,Vitória
2014,5,17,Apenas Participação,0,0,Atlético de Madrid,La Liga (Espanha),Barcelona,1-1,Empate
2014,4,16,Cartão Amarelo,1,0,Real Madrid,Copa do Rei (Espanha),Barcelona,2-1,Derrota
2014,4,12,Cartão Amarelo,1,0,Granada,La Liga (Espanha),Barcelona,1-0,Derrota
2014,4,9,Apenas Participação,0,0,Atlético de Madrid,Champions League,Barcelona,1-0,Derrota
2014,4,5,Apenas Participação,0,0,Real Betis,La Liga (Espanha),Barcelona,3-1,Vitória
2014,4,1,Gol,0,0,Atlético de Madrid,Champions League,Barcelona,1-1,Empate
2014,3,29,Apenas Participação,0,0,Espanyol,La Liga (Espanha),Barcelona,0-1,Vitória
2014,3,26,Gol,0,0,Celta de Vigo,La Liga (Espanha),Barcelona,3-0,Vitória
2014,3,26,Gol,0,0,Celta de Vigo,La Liga (Espanha),Barcelona,3-0,Vitória
2014,3,23,Assistência,0,0,Real Madrid,La Liga (Espanha),Barcelona,3-4,Vitória
2014,3,16,Apenas Participação,0,0,Osasuna,La Liga (Espanha),Barcelona,7-0,Vitória
2014,3,12,Apenas Participação,0,0,Manchester City,Champions League,Barcelona,2-1,Vitória
2014,3,8,Apenas Participação,0,0,Valladolid,La Liga (Espanha),Barcelona,1-0,Derrota
2014,3,5,Gol,0,0,África do Sul,Amistosos da Seleção,Brasil,0-5,Vitória
2014,3,5,Gol,0,0,África do Sul,Amistosos da Seleção,Brasil,0-5,Vitória
2014,3,5,Gol,0,0,África do Sul,Amistosos da Seleção,Brasil,0-5,Vitória
2014,3,2,Apenas Participação,0,0,Almería,La Liga (Espanha),Barcelona,4-1,Vitória
2014,2,22,Apenas Participação,0,0,Real Sociedad,La Liga (Espanha),Barcelona,3-1,Derrota
2014,2,18,Assistência,0,0,Manchester City,Champions League,Barcelona,0-2,Vitória
2014,2,15,Gol,0,0,Rayo Vallecano,La Liga (Espanha),Barcelona,6-0,Vitória
2014,1,16,Apenas Participação,0,0,Getafe,Copa do Rei (Espanha),Barcelona,0-2,Vitória
2014,1,11,Apenas Participação,0,0,Atlético de Madrid,La Liga (Espanha),Barcelona,0-0,Empate
2014,1,5,Apenas Participação,0,0,Elche,La Liga (Espanha),Barcelona,4-0,Vitória
2015,12,30,Assistência,0,0,Real Betis,La Liga (Espanha),Barcelona,4-0,Vitória
2015,12,30,Assistência,0,0,Real Betis,La Liga (Espanha),Barcelona,4-0,Vitória
2015,12,20,Assistência,1,0,River Plate,Mundial de Clubes,Barcelona,0-3,Vitória
2015,12,20,Assistência,1,0,River Plate,Mundial de Clubes,Barcelona,0-3,Vitória
2015,12,20,Cartão Amarelo,1,0,River Plate,Mundial de Clubes,Barcelona,0-3,Vitória
2015,12,17,Apenas Participação,0,0,Guangzhou FC,Mundial de Clubes,Barcelona,3-0,Derrota
2015,12,5,Apenas Participação,0,0,Valencia,La Liga (Espanha),Barcelona,1-1,Empate
2015,12,2,Apenas Participação,0,0,CF Villanovense,Copa do Rei (Espanha),Barcelona,6-1,Vitória
2015,11,28,Gol,0,0,Real Sociedad,La Liga (Espanha),Barcelona,4-0,Vitória
2015,11,28,Gol,0,0,Real Sociedad,La Liga (Espanha),Barcelona,4-0,Vitória
2015,11,28,Assistência,0,0,Real Sociedad,La Liga (Espanha),Barcelona,4-0,Vitória
2015,11,24,Apenas Participação,0,0,Roma,Champions League,Barcelona,6-1,Vitória
2015,11,21,Gol,0,0,Real Madrid,La Liga (Espanha),Barcelona,0-4,Vitória
2015,11,21,Assistência,0,0,Real Madrid,La Liga (Espanha),Barcelona,0-4,Vitória
2015,11,21,Assistência,0,0,Real Madrid,La Liga (Espanha),Barcelona,0-4,Vitória
2015,11,17,Cartão Amarelo,1,0,Peru,Eliminatórias da Copa do Mundo,Brasil,3-0,Vitória
2015,11,13,Apenas Participação,0,0,Argentina,Eliminatórias da Copa do Mundo,Brasil,1-1,Empate
2015,11,8,Gol,1,0,Villarreal,La Liga (Espanha),Barcelona,3-0,Vitória
2015,11,8,Gol,1,0,Villarreal,La Liga (Espanha),Barcelona,3-0,Vitória
2015,11,8,Cartão Amarelo,1,0,Villarreal,La Liga (Espanha),Barcelona,3-0,Vitória
2015,11,4,Gol,0,0,BATE Borisov,Champions League,Barcelona,3-0,Vitória
2015,11,4,Gol,0,0,BATE Borisov,Champions League,Barcelona,3-0,Vitória
2015,11,4,Assistência,0,0,BATE Borisov,Champions League,Barcelona,3-0,Vitória
2015,10,31,Gol,0,0,Getafe,La Liga (Espanha),Barcelona,0-2,Vitória
2015,10,25,Assistência,1,0,Eibar,La Liga (Espanha),Barcelona,3-1,Vitória
2015,10,25,Assistência,1,0,Eibar,La Liga (Espanha),Barcelona,3-1,Vitória
2015,10,25,Cartão Amarelo,1,0,Eibar,La Liga (Espanha),Barcelona,3-1,Vitória
2015,10,20,Assistência,0,0,BATE Borisov,Champions League,Barcelona,0-2,Vitória
2015,10,20,Assistência,0,0,BATE Borisov,Champions League,Barcelona,0-2,Vitória
2015,10,17,Gol,0,0,Rayo Vallecano,La Liga (Espanha),Barcelona,5-2,Vitória
2015,10,17,Gol,0,0,Rayo Vallecano,La Liga (Espanha),Barcelona,5-2,Vitória
2015,10,17,Gol,0,0,Rayo Vallecano,La Liga (Espanha),Barcelona,5-2,Vitória
2015,10,17,Gol,0,0,Rayo Vallecano,La Liga (Espanha),Barcelona,5-2,Vitória
2015,10,17,Assistência,0,0,Rayo Vallecano,La Liga (Espanha),Barcelona,5-2,Vitória
2015,10,3,Gol,0,0,Sevilla,La Liga (Espanha),Barcelona,2-1,Derrota
2015,9,29,Cartão Amarelo,1,0,Bayer Leverkusen,Champions League,Barcelona,2-1,Vitória
2015,9,26,Apenas Participação,0,0,Las Palmas,La Liga (Espanha),Barcelona,2-1,Vitória
2015,9,23,Gol,1,0,Celta de Vigo,La Liga (Espanha),Barcelona,4-1,Derrota
2015,9,23,Cartão Amarelo,1,0,Celta de Vigo,La Liga (Espanha),Barcelona,4-1,Derrota
2015,9,20,Gol,0,0,Levante,La Liga (Espanha),Barcelona,4-1,Vitória
2015,9,16,Apenas Participação,0,0,Roma,Champions League,Barcelona,1-1,Empate
2015,9,12,Gol,0,0,Atlético de Madrid,La Liga (Espanha),Barcelona,1-2,Vitória
2015,9,8,Gol,0,0,Estados Unidos,Amistosos da Seleção,Brasil,1-4,Vitória
2015,9,8,Gol,0,0,Estados Unidos,Amistosos da Seleção,Brasil,1-4,Vitória
2015,9,5,Apenas Participação,0,0,Costa Rica,Amistosos da Seleção,Brasil,1-0,Vitória
2015,8,29,Apenas Participação,0,0,Málaga,La Liga (Espanha),Barcelona,1-0,Vitória
2015,6,17,Cartão Amarelo,1,1,Colômbia,Copa América,Brasil,0-1,Vitória
2015,6,17,Cartão Vermelho,1,1,Colômbia,Copa América,Brasil,0-1,Vitória
2015,6,14,Gol,1,0,Peru,Copa América,Brasil,2-1,Derrota
2015,6,14,Assistência,1,0,Peru,Copa América,Brasil,2-1,Derrota
2015,6,14,Cartão Amarelo,1,0,Peru,Copa América,Brasil,2-1,Derrota
2015,6,10,Apenas Participação,0,0,Honduras,Amistosos da Seleção,Brasil,1-0,Vitória
2015,6,6,Gol,0,0,Juventus,Champions League,Barcelona,1-3,Vitória
2015,5,30,Gol,1,0,Athletic Bilbao,Copa do Rei (Espanha),Barcelona,1-3,Vitória
2015,5,30,Cartão Amarelo,1,0,Athletic Bilbao,Copa do Rei (Espanha),Barcelona,1-3,Vitória
2015,5,23,Assistência,0,0,Deportivo,La Liga (Espanha),Barcelona,2-2,Empate
2015,5,17,Cartão Amarelo,1,0,Atlético de Madrid,La Liga (Espanha),Barcelona,0-1,Vitória
2015,5,12,Gol,0,0,Bayern München,Champions League,Barcelona,3-2,Derrota
2015,5,12,Gol,0,0,Bayern München,Champions League,Barcelona,3-2,Derrota
2015,5,9,Gol,0,0,Real Sociedad,La Liga (Espanha),Barcelona,2-0,Vitória
2015,5,6,Gol,1,0,Bayern München,Champions League,Barcelona,3-0,Vitória
2015,5,6,Cartão Amarelo,1,0,Bayern München,Champions League,Barcelona,3-0,Vitória
2015,5,2,Gol,0,0,Córdoba,La Liga (Espanha),Barcelona,0-8,Vitória
2015,4,28,Gol,0,0,Getafe,La Liga (Espanha),Barcelona,6-0,Vitória
2015,4,28,Assistência,0,0,Getafe,La Liga (Espanha),Barcelona,6-0,Vitória
2015,4,25,Gol,0,0,Espanyol,La Liga (Espanha),Barcelona,0-2,Vitória
2015,4,21,Gol,0,0,PSG,Champions League,Barcelona,2-0,Vitória
2015,4,21,Gol,0,0,PSG,Champions League,Barcelona,2-0,Vitória
2015,4,18,Apenas Participação,0,0,Valencia,La Liga (Espanha),Barcelona,2-0,Vitória
2015,4,15,Gol,0,0,PSG,Champions League,Barcelona,1-3,Vitória
2015,4,11,Gol,0,0,Sevilla,La Liga (Espanha),Barcelona,2-2,Empate
2015,4,11,Assistência,0,0,Sevilla,La Liga (Espanha),Barcelona,2-2,Empate
2015,4,8,Apenas Participação,0,0,Almería,La Liga (Espanha),Barcelona,4-0,Vitória
2015,4,5,Apenas Participação,0,0,Celta de Vigo,La Liga (Espanha),Barcelona,0-1,Vitória
2015,3,29,Cartão Amarelo,1,0,Chile,Amistosos da Seleção,Brasil,1-0,Derrota
2015,3,26,Gol,0,0,França,Amistosos da Seleção,Brasil,1-3,Vitória
2015,3,22,Apenas Participação,0,0,Real Madrid,La Liga (Espanha),Barcelona,2-1,Vitória
2015,3,18,Apenas Participação,0,0,Manchester City,Champions League,Barcelona,1-0,Vitória
2015,3,14,Apenas Participação,0,0,Eibar,La Liga (Espanha),Barcelona,0-2,Vitória
2015,3,4,Gol,0,0,Villarreal,Copa do Rei (Espanha),Barcelona,1-3,Vitória
2015,3,4,Gol,0,0,Villarreal,Copa do Rei (Espanha),Barcelona,1-3,Vitória
2015,2,28,Cartão Amarelo,1,0,Granada,La Liga (Espanha),Barcelona,1-3,Vitória
2015,2,24,Apenas Participação,0,0,Manchester City,Champions League,Barcelona,1-2,Vitória
2015,2,21,Cartão Amarelo,1,0,Málaga,La Liga (Espanha),Barcelona,0-1,Derrota
2015,2,15,Gol,0,0,Levante,La Liga (Espanha),Barcelona,5-0,Vitória
2015,2,11,Apenas Participação,0,0,Villarreal,Copa do Rei (Espanha),Barcelona,3-1,Vitória
2015,2,8,Gol,0,0,Athletic Bilbao,La Liga (Espanha),Barcelona,2-5,Vitória
2015,2,1,Gol,0,0,Villarreal,La Liga (Espanha),Barcelona,3-2,Vitória
2015,1,28,Gol,0,0,Atlético de Madrid,Copa do Rei (Espanha),Barcelona,2-3,Vitória
2015,1,28,Gol,0,0,Atlético de Madrid,Copa do Rei (Espanha),Barcelona,2-3,Vitória
2015,1,24,Gol,0,0,Elche,La Liga (Espanha),Barcelona,0-6,Vitória
2015,1,24,Gol,0,0,Elche,La Liga (Espanha),Barcelona,0-6,Vitória
2015,1,24,Assistência,0,0,Elche,La Liga (Espanha),Barcelona,0-6,Vitória
2015,1,21,Apenas Participação,0,0,Atlético de Madrid,Copa do Rei (Espanha),Barcelona,1-0,Vitória
2015,1,18,Apenas Participação,0,0,Deportivo,La Liga (Espanha),Barcelona,0-4,Vitória
2015,1,11,Gol,0,0,Atlético de Madrid,La Liga (Espanha),Barcelona,3-1,Vitória
2015,1,8,Gol,0,0,Elche,Copa do Rei (Espanha),Barcelona,5-0,Vitória
2015,1,8,Gol,0,0,Elche,Copa do Rei (Espanha),Barcelona,5-0,Vitória
2015,1,4,Cartão Amarelo,1,0,Real Sociedad,La Liga (Espanha),Barcelona,1-0,Derrota
2016,12,18,Apenas Participação,0,0,Espanyol,La Liga (Espanha),Barcelona,4-1,Vitória
2016,12,3,Assistência,1,0,Real Madrid,La Liga (Espanha),Barcelona,1-1,Empate
2016,12,3,Cartão Amarelo,1,0,Real Madrid,La Liga (Espanha),Barcelona,1-1,Empate
2016,11,27,Assistência,0,0,Real Sociedad,La Liga (Espanha),Barcelona,1-1,Empate
2016,11,23,Assistência,1,0,Celtic,Champions League,Barcelona,0-2,Vitória
2016,11,23,Cartão Amarelo,1,0,Celtic,Champions League,Barcelona,0-2,Vitória
2016,11,19,Apenas Participação,0,0,Málaga,La Liga (Espanha),Barcelona,0-0,Empate
2016,11,16,Apenas Participação,0,0,Peru,Eliminatórias da Copa do Mundo,Brasil,0-2,Vitória
2016,11,10,Gol,0,0,Argentina,Eliminatórias da Copa do Mundo,Brasil,3-0,Vitória
2016,11,10,Assistência,0,0,Argentina,Eliminatórias da Copa do Mundo,Brasil,3-0,Vitória
2016,11,6,Assistência,1,0,Sevilla,La Liga (Espanha),Barcelona,1-2,Vitória
2016,11,6,Cartão Amarelo,1,0,Sevilla,La Liga (Espanha),Barcelona,1-2,Vitória
2016,11,1,Assistência,1,0,Manchester City,Champions League,Barcelona,3-1,Derrota
2016,11,1,Cartão Amarelo,1,0,Manchester City,Champions League,Barcelona,3-1,Derrota
2016,10,29,Cartão Amarelo,1,0,Granada,La Liga (Espanha),Barcelona,1-0,Vitória
2016,10,22,Cartão Amarelo,1,0,Valencia,La Liga (Espanha),Barcelona,2-3,Vitória
2016,10,19,Gol,0,0,Manchester City,Champions League,Barcelona,4-0,Vitória
2016,10,15,Assistência,0,0,Deportivo,La Liga (Espanha),Barcelona,4-0,Vitória
2016,10,15,Assistência,0,0,Deportivo,La Liga (Espanha),Barcelona,4-0,Vitória
2016,10,6,Gol,1,0,Bolívia,Eliminatórias da Copa do Mundo,Brasil,5-0,Vitória
2016,10,6,Assistência,1,0,Bolívia,Eliminatórias da Copa do Mundo,Brasil,5-0,Vitória
2016,10,6,Assistência,1,0,Bolívia,Eliminatórias da Copa do Mundo,Brasil,5-0,Vitória
2016,10,6,Cartão Amarelo,1,0,Bolívia,Eliminatórias da Copa do Mundo,Brasil,5-0,Vitória
2016,10,2,Gol,0,0,Celta de Vigo,La Liga (Espanha),Barcelona,4-3,Derrota
2016,9,28,Assistência,1,0,Borussia M´gladbach,Champions League,Barcelona,1-2,Vitória
2016,9,28,Cartão Amarelo,1,0,Borussia M´gladbach,Champions League,Barcelona,1-2,Vitória
2016,9,24,Gol,0,0,Sporting Gijón,La Liga (Espanha),Barcelona,0-5,Vitória
2016,9,24,Gol,0,0,Sporting Gijón,La Liga (Espanha),Barcelona,0-5,Vitória
2016,9,21,Apenas Participação,0,0,Atlético de Madrid,La Liga (Espanha),Barcelona,1-1,Empate
2016,9,17,Gol,1,0,Leganés,La Liga (Espanha),Barcelona,1-5,Vitória
2016,9,17,Cartão Amarelo,1,0,Leganés,La Liga (Espanha),Barcelona,1-5,Vitória
2016,9,13,Gol,0,0,Celtic,Champions League,Barcelona,7-0,Vitória
2016,9,13,Assistência,0,0,Celtic,Champions League,Barcelona,7-0,Vitória
2016,9,13,Assistência,0,0,Celtic,Champions League,Barcelona,7-0,Vitória
2016,9,13,Assistência,0,0,Celtic,Champions League,Barcelona,7-0,Vitória
2016,9,13,Assistência,0,0,Celtic,Champions League,Barcelona,7-0,Vitória
2016,9,10,Assistência,0,0,Alavés,La Liga (Espanha),Barcelona,1-2,Derrota
2016,9,6,Gol,1,0,Colômbia,Eliminatórias da Copa do Mundo,Brasil,2-1,Vitória
2016,9,6,Assistência,1,0,Colômbia,Eliminatórias da Copa do Mundo,Brasil,2-1,Vitória
2016,9,6,Cartão Amarelo,1,0,Colômbia,Eliminatórias da Copa do Mundo,Brasil,2-1,Vitória
2016,9,1,Gol,0,0,Equador,Eliminatórias da Copa do Mundo,Brasil,0-3,Vitória
2016,9,1,Assistência,0,0,Equador,Eliminatórias da Copa do Mundo,Brasil,0-3,Vitória
2016,8,20,Gol,0,0,Alemanha,Jogos Olímpicos,Brasil,1-1(5-4)g.p.,
2016,8,17,Gol,0,0,Honduras,Jogos Olímpicos,Brasil,6-0,Derrota
2016,8,17,Gol,0,0,Honduras,Jogos Olímpicos,Brasil,6-0,Derrota
2016,8,17,Assistência,0,0,Honduras,Jogos Olímpicos,Brasil,6-0,Derrota
2016,8,17,Assistência,0,0,Honduras,Jogos Olímpicos,Brasil,6-0,Derrota
2016,8,13,Gol,1,0,Colômbia,Jogos Olímpicos,Brasil,2-0,Vitória
2016,8,13,Assistência,1,0,Colômbia,Jogos Olímpicos,Brasil,2-0,Vitória
2016,8,13,Cartão Amarelo,1,0,Colômbia,Jogos Olímpicos,Brasil,2-0,Vitória
2016,8,10,Apenas Participação,0,0,Dinamarca,Jogos Olímpicos,Brasil,0-4,Vitória
2016,8,7,Apenas Participação,0,0,Iraque,Jogos Olímpicos,Brasil,0-0,Empate
2016,8,4,Apenas Participação,0,0,África do Sul,Jogos Olímpicos,Brasil,0-0,Empate
2016,5,22,Gol,1,0,Sevilla,Copa do Rei (Espanha),Barcelona,2-0(a.p.),
2016,5,22,Cartão Amarelo,1,0,Sevilla,Copa do Rei (Espanha),Barcelona,2-0(a.p.),
2016,5,14,Assistência,0,0,Granada,La Liga (Espanha),Barcelona,0-3,Vitória
2016,5,8,Gol,0,0,Espanyol,La Liga (Espanha),Barcelona,5-0,Vitória
2016,5,8,Assistência,0,0,Espanyol,La Liga (Espanha),Barcelona,5-0,Vitória
2016,4,30,Apenas Participação,0,0,Real Betis,La Liga (Espanha),Barcelona,0-2,Vitória
2016,4,23,Gol,0,0,Sporting Gijón,La Liga (Espanha),Barcelona,6-0,Vitória
2016,4,20,Gol,0,0,Deportivo,La Liga (Espanha),Barcelona,0-8,Vitória
2016,4,17,Cartão Amarelo,1,0,Valencia,La Liga (Espanha),Barcelona,1-2,Derrota
2016,4,13,Cartão Amarelo,1,0,Atlético de Madrid,Champions League,Barcelona,2-0,Derrota
2016,4,9,Apenas Participação,0,0,Real Sociedad,La Liga (Espanha),Barcelona,1-0,Derrota
2016,4,5,Apenas Participação,0,0,Atlético de Madrid,Champions League,Barcelona,2-1,Vitória
2016,4,2,Apenas Participação,0,0,Real Madrid,La Liga (Espanha),Barcelona,1-2,Derrota
2016,3,25,Cartão Amarelo,1,0,Uruguai,Eliminatórias da Copa do Mundo,Brasil,2-2,Empate
2016,3,20,Gol,0,0,Villarreal,La Liga (Espanha),Barcelona,2-2,Empate
2016,3,16,Gol,0,0,Arsenal,Champions League,Barcelona,3-1,Vitória
2016,3,12,Gol,0,0,Getafe,La Liga (Espanha),Barcelona,6-0,Vitória
2016,3,12,Gol,0,0,Getafe,La Liga (Espanha),Barcelona,6-0,Vitória
2016,3,3,Assistência,1,0,Rayo Vallecano,La Liga (Espanha),Barcelona,1-5,Vitória
2016,3,3,Cartão Amarelo,1,0,Rayo Vallecano,La Liga (Espanha),Barcelona,1-5,Vitória
2016,2,28,Apenas Participação,0,0,Sevilla,La Liga (Espanha),Barcelona,2-1,Vitória
2016,2,23,Assistência,0,0,Arsenal,Champions League,Barcelona,0-2,Vitória
2016,2,20,Gol,0,0,Las Palmas,La Liga (Espanha),Barcelona,1-2,Vitória
2016,2,17,Apenas Participação,0,0,Sporting Gijón,La Liga (Espanha),Barcelona,1-3,Vitória
2016,2,14,Gol,0,0,Celta de Vigo,La Liga (Espanha),Barcelona,6-1,Vitória
2016,2,14,Assistência,0,0,Celta de Vigo,La Liga (Espanha),Barcelona,6-1,Vitória
2016,2,7,Apenas Participação,0,0,Levante,La Liga (Espanha),Barcelona,0-2,Vitória
2016,2,3,Assistência,0,0,Valencia,Copa do Rei (Espanha),Barcelona,7-0,Vitória
2016,2,3,Assistência,0,0,Valencia,Copa do Rei (Espanha),Barcelona,7-0,Vitória
2016,1,30,Apenas Participação,0,0,Atlético de Madrid,La Liga (Espanha),Barcelona,2-1,Vitória
2016,1,27,Gol,0,0,Athletic Bilbao,Copa do Rei (Espanha),Barcelona,3-1,Vitória
2016,1,20,Gol,0,0,Athletic Bilbao,Copa do Rei (Espanha),Barcelona,1-2,Vitória
2016,1,17,Gol,0,0,Athletic Bilbao,La Liga (Espanha),Barcelona,6-0,Vitória
2016,1,17,Assistência,0,0,Athletic Bilbao,La Liga (Espanha),Barcelona,6-0,Vitória
2016,1,17,Assistência,0,0,Athletic Bilbao,La Liga (Espanha),Barcelona,6-0,Vitória
2016,1,13,Apenas Participação,0,0,Espanyol,Copa do Rei (Espanha),Barcelona,0-2,Vitória
2016,1,9,Gol,0,0,Granada,La Liga (Espanha),Barcelona,4-0,Vitória
2016,1,6,Gol,1,0,Espanyol,Copa do Rei (Espanha),Barcelona,4-1,Vitória
2016,1,6,Cartão Amarelo,1,0,Espanyol,Copa do Rei (Espanha),Barcelona,4-1,Vitória
2016,1,2,Cartão Amarelo,1,0,Espanyol,La Liga (Espanha),Barcelona,0-0,Empate
2017,12,20,Assistência,0,0,Caen,Ligue 1 (França),PSG,3-1,Vitória
2017,12,16,Gol,0,0,Rennes,Ligue 1 (França),PSG,1-4,Vitória
2017,12,16,Gol,0,0,Rennes,Ligue 1 (França),PSG,1-4,Vitória
2017,12,16,Assistência,0,0,Rennes,Ligue 1 (França),PSG,1-4,Vitória
2017,12,16,Assistência,0,0,Rennes,Ligue 1 (França),PSG,1-4,Vitória
2017,12,5,Apenas Participação,0,0,Bayern München,Champions League,PSG,3-1,Derrota
2017,12,2,Cartão Amarelo,1,0,Strasbourg,Ligue 1 (França),PSG,2-1,Derrota
2017,11,29,Gol,0,0,Troyes,Ligue 1 (França),PSG,2-0,Vitória
2017,11,29,Assistência,0,0,Troyes,Ligue 1 (França),PSG,2-0,Vitória
2017,11,26,Gol,1,0,Monaco,Ligue 1 (França),PSG,1-2,Vitória
2017,11,26,Cartão Amarelo,1,0,Monaco,Ligue 1 (França),PSG,1-2,Vitória
2017,11,22,Gol,0,0,Celtic,Champions League,PSG,7-1,Vitória
2017,11,22,Gol,0,0,Celtic,Champions League,PSG,7-1,Vitória
2017,11,22,Assistência,0,0,Celtic,Champions League,PSG,7-1,Vitória
2017,11,18,Apenas Participação,0,0,Nantes,Ligue 1 (França),PSG,4-1,Vitória
2017,11,14,Apenas Participação,0,0,Inglaterra,Amistosos da Seleção,Brasil,0-0,Empate
2017,11,10,Gol,1,0,Japão,Amistosos da Seleção,Brasil,1-3,Vitória
2017,11,10,Cartão Amarelo,1,0,Japão,Amistosos da Seleção,Brasil,1-3,Vitória
2017,10,31,Gol,0,0,Anderlecht,Champions League,PSG,5-0,Vitória
2017,10,22,Gol,1,1,Marseille,Ligue 1 (França),PSG,2-2,Empate
2017,10,22,Cartão Amarelo,1,1,Marseille,Ligue 1 (França),PSG,2-2,Empate
2017,10,22,Cartão Vermelho,1,1,Marseille,Ligue 1 (França),PSG,2-2,Empate
2017,10,18,Gol,0,0,Anderlecht,Champions League,PSG,0-4,Vitória
2017,10,14,Cartão Amarelo,1,0,Dijon,Ligue 1 (França),PSG,1-2,Vitória
2017,10,10,Assistência,1,0,Chile,Eliminatórias da Copa do Mundo,Brasil,3-0,Vitória
2017,10,10,Cartão Amarelo,1,0,Chile,Eliminatórias da Copa do Mundo,Brasil,3-0,Vitória
2017,10,5,Apenas Participação,0,0,Bolívia,Eliminatórias da Copa do Mundo,Brasil,0-0,Empate
2017,9,30,Gol,0,0,Bordeaux,Ligue 1 (França),PSG,6-2,Vitória
2017,9,30,Gol,0,0,Bordeaux,Ligue 1 (França),PSG,6-2,Vitória
2017,9,30,Assistência,0,0,Bordeaux,Ligue 1 (França),PSG,6-2,Vitória
2017,9,27,Gol,0,0,Bayern München,Champions League,PSG,3-0,Vitória
2017,9,27,Assistência,0,0,Bayern München,Champions League,PSG,3-0,Vitória
2017,9,17,Cartão Amarelo,1,0,Lyon,Ligue 1 (França),PSG,2-0,Vitória
2017,9,12,Gol,1,0,Celtic,Champions League,PSG,0-5,Vitória
2017,9,12,Assistência,1,0,Celtic,Champions League,PSG,0-5,Vitória
2017,9,12,Cartão Amarelo,1,0,Celtic,Champions League,PSG,0-5,Vitória
2017,9,8,Gol,0,0,Metz,Ligue 1 (França),PSG,1-5,Vitória
2017,9,8,Assistência,0,0,Metz,Ligue 1 (França),PSG,1-5,Vitória
2017,9,5,Assistência,0,0,Colômbia,Eliminatórias da Copa do Mundo,Brasil,1-1,Empate
2017,8,31,Cartão Amarelo,1,0,Equador,Eliminatórias da Copa do Mundo,Brasil,2-0,Vitória
2017,8,25,Apenas Participação,0,0,Saint-Étienne,Ligue 1 (França),PSG,3-0,Vitória
2017,8,20,Gol,0,0,Toulouse,Ligue 1 (França),PSG,6-2,Vitória
2017,8,20,Gol,0,0,Toulouse,Ligue 1 (França),PSG,6-2,Vitória
2017,8,20,Assistência,0,0,Toulouse,Ligue 1 (França),PSG,6-2,Vitória
2017,8,20,Assistência,0,0,Toulouse,Ligue 1 (França),PSG,6-2,Vitória
2017,8,13,Gol,0,0,Guingamp,Ligue 1 (França),PSG,0-3,Vitória
2017,8,13,Assistência,0,0,Guingamp,Ligue 1 (França),PSG,0-3,Vitória
2017,5,27,Gol,0,0,Alavés,Copa do Rei (Espanha),Barcelona,3-1,Vitória
2017,5,27,Assistência,0,0,Alavés,Copa do Rei (Espanha),Barcelona,3-1,Vitória
2017,5,21,Apenas Participação,0,0,Eibar,La Liga (Espanha),Barcelona,4-2,Vitória
2017,5,14,Gol,0,0,Las Palmas,La Liga (Espanha),Barcelona,1-4,Vitória
2017,5,14,Gol,0,0,Las Palmas,La Liga (Espanha),Barcelona,1-4,Vitória
2017,5,14,Gol,0,0,Las Palmas,La Liga (Espanha),Barcelona,1-4,Vitória
2017,5,14,Assistência,0,0,Las Palmas,La Liga (Espanha),Barcelona,1-4,Vitória
2017,5,6,Gol,0,0,Villarreal,La Liga (Espanha),Barcelona,4-1,Vitória
2017,4,29,Apenas Participação,0,0,Espanyol,La Liga (Espanha),Barcelona,0-3,Vitória
2017,4,19,Cartão Amarelo,1,0,Juventus,Champions League,Barcelona,0-0,Empate
2017,4,11,Apenas Participação,0,0,Juventus,Champions League,Barcelona,3-0,Derrota
2017,4,8,Cartão Amarelo,1,1,Málaga,La Liga (Espanha),Barcelona,2-0,Derrota
2017,4,8,Cartão Vermelho,1,1,Málaga,La Liga (Espanha),Barcelona,2-0,Derrota
2017,4,5,Apenas Participação,0,0,Sevilla,La Liga (Espanha),Barcelona,3-0,Vitória
2017,4,2,Gol,0,0,Granada,La Liga (Espanha),Barcelona,1-4,Vitória
2017,3,28,Gol,0,0,Paraguai,Eliminatórias da Copa do Mundo,Brasil,3-0,Vitória
2017,3,23,Gol,0,0,Uruguai,Eliminatórias da Copa do Mundo,Brasil,1-4,Vitória
2017,3,23,Assistência,0,0,Uruguai,Eliminatórias da Copa do Mundo,Brasil,1-4,Vitória
2017,3,19,Assistência,0,0,Valencia,La Liga (Espanha),Barcelona,4-2,Vitória
2017,3,19,Assistência,0,0,Valencia,La Liga (Espanha),Barcelona,4-2,Vitória
2017,3,8,Gol,1,0,PSG,Champions League,Barcelona,6-1,Vitória
2017,3,8,Gol,1,0,PSG,Champions League,Barcelona,6-1,Vitória
2017,3,8,Assistência,1,0,PSG,Champions League,Barcelona,6-1,Vitória
2017,3,8,Cartão Amarelo,1,0,PSG,Champions League,Barcelona,6-1,Vitória
2017,3,4,Gol,0,0,Celta de Vigo,La Liga (Espanha),Barcelona,5-0,Vitória
2017,3,1,Gol,1,0,Sporting Gijón,La Liga (Espanha),Barcelona,6-1,Vitória
2017,3,1,Assistência,1,0,Sporting Gijón,La Liga (Espanha),Barcelona,6-1,Vitória
2017,3,1,Cartão Amarelo,1,0,Sporting Gijón,La Liga (Espanha),Barcelona,6-1,Vitória
2017,2,26,Apenas Participação,0,0,Atlético de Madrid,La Liga (Espanha),Barcelona,1-2,Vitória
2017,2,19,Apenas Participação,0,0,Leganés,La Liga (Espanha),Barcelona,2-1,Vitória
2017,2,14,Apenas Participação,0,0,PSG,Champions League,Barcelona,4-0,Derrota
2017,2,11,Gol,0,0,Alavés,La Liga (Espanha),Barcelona,0-6,Vitória
2017,2,4,Assistência,0,0,Athletic Bilbao,La Liga (Espanha),Barcelona,3-0,Vitória
2017,2,1,Cartão Amarelo,1,0,Atlético de Madrid,Copa do Rei (Espanha),Barcelona,1-2,Vitória
2017,1,29,Apenas Participação,0,0,Real Betis,La Liga (Espanha),Barcelona,1-1,Empate
2017,1,26,Cartão Amarelo,1,0,Real Sociedad,Copa do Rei (Espanha),Barcelona,5-2,Vitória
2017,1,22,Gol,0,0,Eibar,La Liga (Espanha),Barcelona,0-4,Vitória
2017,1,19,Gol,1,0,Real Sociedad,Copa do Rei (Espanha),Barcelona,0-1,Vitória
2017,1,19,Cartão Amarelo,1,0,Real Sociedad,Copa do Rei (Espanha),Barcelona,0-1,Vitória
2017,1,14,Apenas Participação,0,0,Las Palmas,La Liga (Espanha),Barcelona,5-0,Vitória
2017,1,11,Gol,0,0,Athletic Bilbao,Copa do Rei (Espanha),Barcelona,3-1,Vitória
2017,1,11,Assistência,0,0,Athletic Bilbao,Copa do Rei (Espanha),Barcelona,3-1,Vitória
2017,1,8,Apenas Participação,0,0,Villarreal,La Liga (Espanha),Barcelona,1-1,Empate
2017,1,5,Apenas Participação,0,0,Athletic Bilbao,Copa do Rei (Espanha),Barcelona,2-1,Derrota
2018,12,11,Gol,0,0,Crvena Zvezda,Champions League,PSG,1-4,Vitória
2018,12,11,Assistência,0,0,Crvena Zvezda,Champions League,PSG,1-4,Vitória
2018,12,2,Gol,0,0,Bordeaux,Ligue 1 (França),PSG,2-2,Empate
2018,11,28,Gol,1,0,Liverpool,Champions League,PSG,2-1,Vitória
2018,11,28,Cartão Amarelo,1,0,Liverpool,Champions League,PSG,2-1,Vitória
2018,11,20,Apenas Participação,0,0,Camarões,Amistosos da Seleção,Brasil,1-0,Vitória
2018,11,16,Gol,0,0,Uruguai,Amistosos da Seleção,Brasil,1-0,Vitória
2018,11,11,Gol,0,0,Monaco,Ligue 1 (França),PSG,0-4,Vitória
2018,11,11,Assistência,0,0,Monaco,Ligue 1 (França),PSG,0-4,Vitória
2018,11,6,Cartão Amarelo,1,0,Napoli,Champions League,PSG,1-1,Empate
2018,11,2,Gol,0,0,Lille,Ligue 1 (França),PSG,2-1,Vitória
2018,10,28,Assistência,0,0,Marseille,Ligue 1 (França),PSG,0-2,Vitória
2018,10,24,Apenas Participação,0,0,Napoli,Champions League,PSG,2-2,Empate
2018,10,16,Assistência,1,0,Argentina,Amistosos da Seleção,Brasil,0-1,Vitória
2018,10,16,Cartão Amarelo,1,0,Argentina,Amistosos da Seleção,Brasil,0-1,Vitória
2018,10,12,Assistência,0,0,Arábia Saudita,Amistosos da Seleção,Brasil,0-2,Vitória
2018,10,12,Assistência,0,0,Arábia Saudita,Amistosos da Seleção,Brasil,0-2,Vitória
2018,10,7,Gol,1,0,Lyon,Ligue 1 (França),PSG,5-0,Vitória
2018,10,7,Assistência,1,0,Lyon,Ligue 1 (França),PSG,5-0,Vitória
2018,10,7,Cartão Amarelo,1,0,Lyon,Ligue 1 (França),PSG,5-0,Vitória
2018,10,3,Gol,0,0,Crvena Zvezda,Champions League,PSG,6-1,Vitória
2018,10,3,Gol,0,0,Crvena Zvezda,Champions League,PSG,6-1,Vitória
2018,10,3,Gol,0,0,Crvena Zvezda,Champions League,PSG,6-1,Vitória
2018,9,29,Gol,0,0,Nice,Ligue 1 (França),PSG,0-3,Vitória
2018,9,29,Gol,0,0,Nice,Ligue 1 (França),PSG,0-3,Vitória
2018,9,26,Gol,0,0,Stade de Reims,Ligue 1 (França),PSG,4-1,Vitória
2018,9,23,Assistência,0,0,Rennes,Ligue 1 (França),PSG,1-3,Vitória
2018,9,18,Assistência,0,0,Liverpool,Champions League,PSG,3-2,Derrota
2018,9,11,Gol,1,0,El Salvador,Amistosos da Seleção,Brasil,5-0,Vitória
2018,9,11,Assistência,1,0,El Salvador,Amistosos da Seleção,Brasil,5-0,Vitória
2018,9,11,Assistência,1,0,El Salvador,Amistosos da Seleção,Brasil,5-0,Vitória
2018,9,11,Assistência,1,0,El Salvador,Amistosos da Seleção,Brasil,5-0,Vitória
2018,9,11,Cartão Amarelo,1,0,El Salvador,Amistosos da Seleção,Brasil,5-0,Vitória
2018,9,7,Gol,0,0,Estados Unidos,Amistosos da Seleção,Brasil,0-2,Vitória
2018,9,1,Gol,1,0,Nimes,Ligue 1 (França),PSG,2-4,Vitória
2018,9,1,Cartão Amarelo,1,0,Nimes,Ligue 1 (França),PSG,2-4,Vitória
2018,8,25,Gol,0,0,Angers,Ligue 1 (França),PSG,3-1,Vitória
2018,8,18,Gol,0,0,Guingamp,Ligue 1 (França),PSG,1-3,Vitória
2018,8,18,Assistência,0,0,Guingamp,Ligue 1 (França),PSG,1-3,Vitória
2018,8,12,Gol,0,0,Caen,Ligue 1 (França),PSG,3-0,Vitória
2018,8,4,Apenas Participação,0,0,Monaco,Supercopa da França,PSG,4-0,Derrota
2018,7,6,Apenas Participação,0,0,Bélgica,Copa do Mundo,Brasil,1-2,Vitória
2018,7,2,Gol,0,0,México,Copa do Mundo,Brasil,2-0,Derrota
2018,6,27,Assistência,0,0,Sérvia,Copa do Mundo,Brasil,0-2,Vitória
2018,6,22,Gol,1,0,Costa Rica,Copa do Mundo,Brasil,2-0,Derrota
2018,6,22,Cartão Amarelo,1,0,Costa Rica,Copa do Mundo,Brasil,2-0,Derrota
2018,6,17,Apenas Participação,0,0,Suíça,Copa do Mundo,Brasil,1-1,Empate
2018,6,10,Gol,1,0,Áustria,Amistosos da Seleção,Brasil,0-3,Vitória
2018,6,10,Cartão Amarelo,1,0,Áustria,Amistosos da Seleção,Brasil,0-3,Vitória
2018,6,3,Gol,0,0,Croácia,Amistosos da Seleção,Brasil,2-0,Vitória
2018,2,25,Assistência,0,0,Marseille,Ligue 1 (França),PSG,3-0,Vitória
2018,2,17,Gol,0,0,Strasbourg,Ligue 1 (França),PSG,5-2,Vitória
2018,2,17,Assistência,0,0,Strasbourg,Ligue 1 (França),PSG,5-2,Vitória
2018,2,14,Assistência,1,0,Real Madrid,Champions League,PSG,3-1,Derrota
2018,2,14,Cartão Amarelo,1,0,Real Madrid,Champions League,PSG,3-1,Derrota
2018,2,10,Apenas Participação,0,0,Toulouse,Ligue 1 (França),PSG,0-1,Vitória
2018,2,3,Gol,0,0,Lille,Ligue 1 (França),PSG,0-3,Vitória
2018,1,30,Cartão Amarelo,1,0,Rennes,Copa da Liga Francesa,PSG,2-3,Vitória
2018,1,27,Gol,0,0,Montpellier,Ligue 1 (França),PSG,4-0,Vitória
2018,1,27,Gol,0,0,Montpellier,Ligue 1 (França),PSG,4-0,Vitória
2018,1,17,Gol,0,0,Dijon,Ligue 1 (França),PSG,8-0,Vitória
2018,1,17,Gol,0,0,Dijon,Ligue 1 (França),PSG,8-0,Vitória
2018,1,17,Gol,0,0,Dijon,Ligue 1 (França),PSG,8-0,Vitória
2018,1,17,Gol,0,0,Dijon,Ligue 1 (França),PSG,8-0,Vitória
2018,1,17,Assistência,0,0,Dijon,Ligue 1 (França),PSG,8-0,Vitória
2018,1,17,Assistência,0,0,Dijon,Ligue 1 (França),PSG,8-0,Vitória
2018,1,10,Gol,0,0,Amiens SC,Copa da Liga Francesa,PSG,0-2,Vitória
2018,1,7,Gol,0,0,Rennes,CF,PSG,1-6,Vitória
2018,1,7,Gol,0,0,Rennes,CF,PSG,1-6,Vitória
2019,12,21,Gol,0,0,Amiens SC,Ligue 1 (França),PSG,4-1,Vitória
2019,12,21,Assistência,0,0,Amiens SC,Ligue 1 (França),PSG,4-1,Vitória
2019,12,15,Gol,0,0,Saint-Étienne,Ligue 1 (França),PSG,0-4,Vitória
2019,12,15,Assistência,0,0,Saint-Étienne,Ligue 1 (França),PSG,0-4,Vitória
2019,12,15,Assistência,0,0,Saint-Étienne,Ligue 1 (França),PSG,0-4,Vitória
2019,12,11,Gol,0,0,Galatasaray,Champions League,PSG,5-0,Vitória
2019,12,11,Assistência,0,0,Galatasaray,Champions League,PSG,5-0,Vitória
2019,12,11,Assistência,0,0,Galatasaray,Champions League,PSG,5-0,Vitória
2019,12,7,Gol,0,0,Montpellier,Ligue 1 (França),PSG,1-3,Vitória
2019,12,7,Assistência,0,0,Montpellier,Ligue 1 (França),PSG,1-3,Vitória
2019,12,4,Gol,0,0,Nantes,Ligue 1 (França),PSG,2-0,Vitória
2019,11,26,Apenas Participação,0,0,Real Madrid,Champions League,PSG,2-2,Empate
2019,11,22,Apenas Participação,0,0,Lille,Ligue 1 (França),PSG,2-0,Vitória
2019,10,13,Apenas Participação,0,0,Nigéria,Amistosos da Seleção,Brasil,1-1,Empate
2019,10,10,Apenas Participação,0,0,Senegal,Amistosos da Seleção,Brasil,1-1,Empate
2019,10,5,Gol,1,0,Angers,Ligue 1 (França),PSG,4-0,Vitória
2019,10,5,Cartão Amarelo,1,0,Angers,Ligue 1 (França),PSG,4-0,Vitória
2019,9,28,Gol,0,0,Bordeaux,Ligue 1 (França),PSG,0-1,Vitória
2019,9,25,Apenas Participação,0,0,Stade de Reims,Ligue 1 (França),PSG,0-2,Derrota
2019,9,22,Gol,0,0,Lyon,Ligue 1 (França),PSG,0-1,Vitória
2019,9,14,Gol,0,0,Strasbourg,Ligue 1 (França),PSG,1-0,Vitória
2019,9,11,Apenas Participação,0,0,Peru,Amistosos da Seleção,Brasil,0-1,Vitória
2019,9,6,Gol,0,0,Colômbia,Amistosos da Seleção,Brasil,2-2,Empate
2019,9,6,Assistência,0,0,Colômbia,Amistosos da Seleção,Brasil,2-2,Empate
2019,6,5,Apenas Participação,0,0,Catar,Amistosos da Seleção,Brasil,2-0,Vitória
2019,5,11,Gol,0,0,Angers,Ligue 1 (França),PSG,1-2,Vitória
2019,5,11,Assistência,0,0,Angers,Ligue 1 (França),PSG,1-2,Vitória
2019,5,4,Gol,0,0,Nice,Ligue 1 (França),PSG,1-1,Empate
2019,4,30,Apenas Participação,0,0,Montpellier,Ligue 1 (França),PSG,3-2,Derrota
2019,4,27,Gol,1,0,Rennes,CF,PSG,2-2(6-5)g.p.,
2019,4,27,Assistência,1,0,Rennes,CF,PSG,2-2(6-5)g.p.,
2019,4,27,Cartão Amarelo,1,0,Rennes,CF,PSG,2-2(6-5)g.p.,
2019,4,21,Apenas Participação,0,0,Monaco,Ligue 1 (França),PSG,3-1,Vitória
2019,1,23,Apenas Participação,0,0,Strasbourg,CF,PSG,2-0,Vitória
2019,1,19,Gol,0,0,Guingamp,Ligue 1 (França),PSG,9-0,Vitória
2019,1,19,Gol,0,0,Guingamp,Ligue 1 (França),PSG,9-0,Vitória
2019,1,19,Assistência,0,0,Guingamp,Ligue 1 (França),PSG,9-0,Vitória
2019,1,9,Gol,0,0,Guingamp,Copa da Liga Francesa,PSG,1-2,Derrota
2019,1,6,Gol,1,0,GSI Pontivy,CF,PSG,0-4,Vitória
2019,1,6,Assistência,1,0,GSI Pontivy,CF,PSG,0-4,Vitória
2019,1,6,Cartão Amarelo,1,0,GSI Pontivy,CF,PSG,0-4,Vitória
2020,12,13,Cartão Amarelo,1,0,Lyon,Ligue 1 (França),PSG,0-1,Derrota
2020,12,9,Gol,0,0,Basaksehir,Champions League,PSG,5-1,Vitória
2020,12,9,Gol,0,0,Basaksehir,Champions League,PSG,5-1,Vitória
2020,12,9,Gol,0,0,Basaksehir,Champions League,PSG,5-1,Vitória
2020,12,2,Gol,0,0,Manchester United,Champions League,PSG,1-3,Vitória
2020,12,2,Gol,0,0,Manchester United,Champions League,PSG,1-3,Vitória
2020,11,28,Gol,0,0,Bordeaux,Ligue 1 (França),PSG,2-2,Empate
2020,11,24,Gol,1,0,RB Leipzig,Champions League,PSG,1-0,Vitória
2020,11,24,Cartão Amarelo,1,0,RB Leipzig,Champions League,PSG,1-0,Vitória
2020,11,20,Apenas Participação,0,0,Monaco,Ligue 1 (França),PSG,3-2,Derrota
2020,10,28,Apenas Participação,0,0,Basaksehir,Champions League,PSG,0-2,Vitória
2020,10,24,Assistência,0,0,Dijon,Ligue 1 (França),PSG,4-0,Vitória
2020,10,24,Assistência,0,0,Dijon,Ligue 1 (França),PSG,4-0,Vitória
2020,10,20,Cartão Amarelo,1,0,Manchester United,Champions League,PSG,1-2,Derrota
2020,10,13,Gol,0,0,Peru,Eliminatórias da Copa do Mundo,Brasil,2-4,Vitória
2020,10,13,Gol,0,0,Peru,Eliminatórias da Copa do Mundo,Brasil,2-4,Vitória
2020,10,13,Gol,0,0,Peru,Eliminatórias da Copa do Mundo,Brasil,2-4,Vitória
2020,10,9,Assistência,0,0,Bolívia,Eliminatórias da Copa do Mundo,Brasil,5-0,Vitória
2020,10,9,Assistência,0,0,Bolívia,Eliminatórias da Copa do Mundo,Brasil,5-0,Vitória
2020,10,2,Gol,0,0,Angers,Ligue 1 (França),PSG,6-1,Vitória
2020,10,2,Gol,0,0,Angers,Ligue 1 (França),PSG,6-1,Vitória
2020,10,2,Assistência,0,0,Angers,Ligue 1 (França),PSG,6-1,Vitória
2020,9,27,Apenas Participação,0,0,Stade de Reims,Ligue 1 (França),PSG,0-2,Vitória
2020,9,13,Cartão Amarelo,1,1,Marseille,Ligue 1 (França),PSG,0-1,Derrota
2020,9,13,Cartão Vermelho,1,1,Marseille,Ligue 1 (França),PSG,0-1,Derrota
2020,8,23,Cartão Amarelo,1,0,Bayern München,Champions League,PSG,0-1,Vitória
2020,8,18,Assistência,0,0,RB Leipzig,Champions League,PSG,0-3,Vitória
2020,8,12,Assistência,0,0,Atalanta,Champions League,PSG,1-2,Vitória
2020,7,31,Apenas Participação,0,0,Lyon,Copa da Liga Francesa,PSG,0-0(6-5)g.p.,
2020,7,24,Gol,0,0,Saint-Étienne,CF,PSG,1-0,Derrota
2020,3,10,Gol,1,0,Borussia Dortmund,Champions League,PSG,2-0,Vitória
2020,3,10,Cartão Amarelo,1,0,Borussia Dortmund,Champions League,PSG,2-0,Vitória
2020,3,4,Gol,1,0,Lyon,CF,PSG,1-5,Vitória
2020,3,4,Cartão Amarelo,1,0,Lyon,CF,PSG,1-5,Vitória
2020,2,23,Cartão Amarelo,1,1,Bordeaux,Ligue 1 (França),PSG,4-3,Vitória
2020,2,23,Cartão Vermelho,1,1,Bordeaux,Ligue 1 (França),PSG,4-3,Vitória
2020,2,18,Gol,1,0,Borussia Dortmund,Champions League,PSG,2-1,Derrota
2020,2,18,Cartão Amarelo,1,0,Borussia Dortmund,Champions League,PSG,2-1,Derrota
2020,2,1,Assistência,1,0,Montpellier,Ligue 1 (França),PSG,5-0,Vitória
2020,2,1,Cartão Amarelo,1,0,Montpellier,Ligue 1 (França),PSG,5-0,Vitória
2020,1,26,Gol,0,0,Lille,Ligue 1 (França),PSG,0-2,Vitória
2020,1,26,Gol,0,0,Lille,Ligue 1 (França),PSG,0-2,Vitória
2020,1,22,Assistência,0,0,Stade de Reims,Copa da Liga Francesa,PSG,0-3,Vitória
2020,1,19,Apenas Participação,0,0,FC Lorient,CF,PSG,0-1,Vitória
2020,1,15,Gol,0,0,Monaco,Ligue 1 (França),PSG,1-4,Vitória
2020,1,15,Assistência,0,0,Monaco,Ligue 1 (França),PSG,1-4,Vitória
2020,1,12,Gol,0,0,Monaco,Ligue 1 (França),PSG,3-3,Empate
2020,1,12,Gol,0,0,Monaco,Ligue 1 (França),PSG,3-3,Empate
2020,1,8,Gol,0,0,Saint-Étienne,Copa da Liga Francesa,PSG,6-1,Vitória
2021,11,28,Apenas Participação,0,0,Saint-Étienne,Ligue 1 (França),PSG,1-3,Vitória
2021,11,24,Apenas Participação,0,0,Manchester City,Champions League,PSG,2-1,Derrota
2021,11,20,Apenas Participação,0,0,Nantes,Ligue 1 (França),PSG,3-1,Vitória
2021,11,11,Assistência,1,0,Colômbia,Eliminatórias da Copa do Mundo,Brasil,1-0,Vitória
2021,11,11,Cartão Amarelo,1,0,Colômbia,Eliminatórias da Copa do Mundo,Brasil,1-0,Vitória
2021,11,6,Gol,0,0,Bordeaux,Ligue 1 (França),PSG,2-3,Vitória
2021,11,6,Gol,0,0,Bordeaux,Ligue 1 (França),PSG,2-3,Vitória
2021,11,3,Cartão Amarelo,1,0,RB Leipzig,Champions League,PSG,2-2,Empate
2021,10,29,Assistência,1,0,Lille,Ligue 1 (França),PSG,2-1,Vitória
2021,10,29,Cartão Amarelo,1,0,Lille,Ligue 1 (França),PSG,2-1,Vitória
2021,10,24,Apenas Participação,0,0,Marseille,Ligue 1 (França),PSG,0-0,Empate
2021,10,14,Gol,0,0,Uruguai,Eliminatórias da Copa do Mundo,Brasil,4-1,Vitória
2021,10,14,Assistência,0,0,Uruguai,Eliminatórias da Copa do Mundo,Brasil,4-1,Vitória
2021,10,14,Assistência,0,0,Uruguai,Eliminatórias da Copa do Mundo,Brasil,4-1,Vitória
2021,10,10,Apenas Participação,0,0,Colômbia,Eliminatórias da Copa do Mundo,Brasil,0-0,Empate
2021,10,3,Apenas Participação,0,0,Rennes,Ligue 1 (França),PSG,2-0,Derrota
2021,9,28,Apenas Participação,0,0,Manchester City,Champions League,PSG,2-0,Vitória
2021,9,25,Assistência,0,0,Montpellier,Ligue 1 (França),PSG,2-0,Vitória
2021,9,22,Assistência,1,0,Metz,Ligue 1 (França),PSG,1-2,Vitória
2021,9,22,Cartão Amarelo,1,0,Metz,Ligue 1 (França),PSG,1-2,Vitória
2021,9,19,Gol,0,0,Lyon,Ligue 1 (França),PSG,2-1,Vitória
2021,9,15,Apenas Participação,0,0,Club Brugge,Champions League,PSG,1-1,Empate
2021,9,9,Gol,1,0,Peru,Eliminatórias da Copa do Mundo,Brasil,2-0,Vitória
2021,9,9,Assistência,1,0,Peru,Eliminatórias da Copa do Mundo,Brasil,2-0,Vitória
2021,9,9,Cartão Amarelo,1,0,Peru,Eliminatórias da Copa do Mundo,Brasil,2-0,Vitória
2021,9,2,Cartão Amarelo,1,0,Chile,Eliminatórias da Copa do Mundo,Brasil,0-1,Vitória
2021,8,29,Apenas Participação,0,0,Stade de Reims,Ligue 1 (França),PSG,0-2,Vitória
2021,7,10,Apenas Participação,0,0,Argentina,Copa América,Brasil,0-1,Derrota
2021,7,5,Assistência,0,0,Peru,Copa América,Brasil,1-0,Vitória
2021,7,2,Apenas Participação,0,0,Chile,Copa América,Brasil,1-0,Vitória
2021,6,27,Apenas Participação,0,0,Equador,Copa América,Brasil,1-1,Empate
2021,6,23,Assistência,1,0,Colômbia,Copa América,Brasil,2-1,Vitória
2021,6,23,Cartão Amarelo,1,0,Colômbia,Copa América,Brasil,2-1,Vitória
2021,6,17,Gol,0,0,Peru,Copa América,Brasil,4-0,Vitória
2021,6,13,Gol,0,0,Venezuela,Copa América,Brasil,3-0,Vitória
2021,6,13,Assistência,0,0,Venezuela,Copa América,Brasil,3-0,Vitória
2021,6,8,Gol,0,0,Paraguai,Eliminatórias da Copa do Mundo,Brasil,0-2,Vitória
2021,6,8,Assistência,0,0,Paraguai,Eliminatórias da Copa do Mundo,Brasil,0-2,Vitória
2021,6,4,Gol,0,0,Equador,Eliminatórias da Copa do Mundo,Brasil,2-0,Vitória
2021,6,4,Assistência,0,0,Equador,Eliminatórias da Copa do Mundo,Brasil,2-0,Vitória
2021,5,23,Cartão Amarelo,1,0,Brest,Ligue 1 (França),PSG,0-2,Vitória
2021,5,16,Gol,0,0,Stade de Reims,Ligue 1 (França),PSG,4-0,Vitória
2021,5,16,Assistência,0,0,Stade de Reims,Ligue 1 (França),PSG,4-0,Vitória
2021,5,12,Cartão Amarelo,1,0,Montpellier,CF,PSG,2-2(5-6)g.p.,
2021,5,9,Gol,0,0,Rennes,Ligue 1 (França),PSG,1-1,Empate
2021,5,4,Apenas Participação,0,0,Manchester City,Champions League,PSG,2-0,Derrota
2021,5,1,Gol,0,0,Lens,Ligue 1 (França),PSG,2-1,Vitória
2021,5,1,Assistência,0,0,Lens,Ligue 1 (França),PSG,2-1,Vitória
2021,4,28,Cartão Amarelo,1,0,Manchester City,Champions League,PSG,1-2,Derrota
2021,4,24,Apenas Participação,0,0,Metz,Ligue 1 (França),PSG,1-3,Vitória
2021,4,21,Gol,0,0,Angers,CF,PSG,5-0,Vitória
2021,4,13,Apenas Participação,0,0,Bayern München,Champions League,PSG,0-1,Derrota
2021,4,7,Assistência,0,0,Bayern München,Champions League,PSG,2-3,Vitória
2021,4,7,Assistência,0,0,Bayern München,Champions League,PSG,2-3,Vitória
2021,4,3,Cartão Amarelo,1,1,Lille,Ligue 1 (França),PSG,0-1,Derrota
2021,4,3,Cartão Vermelho,1,1,Lille,Ligue 1 (França),PSG,0-1,Derrota
2021,3,21,Apenas Participação,0,0,Lyon,Ligue 1 (França),PSG,2-4,Vitória
2021,2,10,Assistência,0,0,Caen,CF,PSG,0-1,Vitória
2021,2,7,Apenas Participação,0,0,Marseille,Ligue 1 (França),PSG,0-2,Vitória
2021,1,31,Gol,0,0,FC Lorient,Ligue 1 (França),PSG,3-2,Derrota
2021,1,31,Gol,0,0,FC Lorient,Ligue 1 (França),PSG,3-2,Derrota
2021,1,22,Gol,1,0,Montpellier,Ligue 1 (França),PSG,4-0,Vitória
2021,1,22,Cartão Amarelo,1,0,Montpellier,Ligue 1 (França),PSG,4-0,Vitória
2021,1,16,Cartão Amarelo,1,0,Angers,Ligue 1 (França),PSG,0-1,Vitória
2021,1,13,Gol,0,0,Marseille,Supercopa da França,PSG,2-1,Derrota
2022,12,28,Assistência,1,1,Strasbourg,Ligue 1 (França),PSG,2-1,Vitória
2022,12,28,Cartão Amarelo,1,1,Strasbourg,Ligue 1 (França),PSG,2-1,Vitória
2022,12,28,Cartão Vermelho,1,1,Strasbourg,Ligue 1 (França),PSG,2-1,Vitória
2022,12,9,Gol,0,0,Croácia,Copa do Mundo,Brasil,1-1(4-2)g.p.,
2022,12,5,Gol,0,0,Coreia do Sul,Copa do Mundo,Brasil,4-1,Derrota
2022,12,5,Assistência,0,0,Coreia do Sul,Copa do Mundo,Brasil,4-1,Derrota
2022,11,24,Apenas Participação,0,0,Sérvia,Copa do Mundo,Brasil,2-0,Derrota
2022,11,13,Apenas Participação,0,0,Auxerre,Ligue 1 (França),PSG,5-0,Vitória
2022,11,6,Gol,0,0,FC Lorient,Ligue 1 (França),PSG,1-2,Vitória
2022,11,6,Assistência,0,0,FC Lorient,Ligue 1 (França),PSG,1-2,Vitória
2022,10,29,Gol,0,0,Troyes,Ligue 1 (França),PSG,4-3,Vitória
2022,10,29,Assistência,0,0,Troyes,Ligue 1 (França),PSG,4-3,Vitória
2022,10,25,Gol,1,0,Maccabi Haifa,Champions League,PSG,7-2,Vitória
2022,10,25,Cartão Amarelo,1,0,Maccabi Haifa,Champions League,PSG,7-2,Vitória
2022,10,16,Gol,0,0,Marseille,Ligue 1 (França),PSG,1-0,Vitória
2022,10,11,Apenas Participação,0,0,Benfica,Champions League,PSG,1-1,Empate
2022,10,8,Cartão Amarelo,1,0,Stade de Reims,Ligue 1 (França),PSG,0-0,Empate
2022,10,5,Assistência,1,0,Benfica,Champions League,PSG,1-1,Empate
2022,10,5,Cartão Amarelo,1,0,Benfica,Champions League,PSG,1-1,Empate
2022,10,1,Apenas Participação,0,0,Nice,Ligue 1 (França),PSG,2-1,Vitória
2022,9,27,Gol,1,0,Tunísia,Amistosos da Seleção,Brasil,5-1,Derrota
2022,9,27,Cartão Amarelo,1,0,Tunísia,Amistosos da Seleção,Brasil,5-1,Derrota
2022,9,23,Assistência,1,0,Gana,Amistosos da Seleção,Brasil,3-0,Derrota
2022,9,23,Assistência,1,0,Gana,Amistosos da Seleção,Brasil,3-0,Derrota
2022,9,23,Cartão Amarelo,1,0,Gana,Amistosos da Seleção,Brasil,3-0,Derrota
2022,9,18,Assistência,0,0,Lyon,Ligue 1 (França),PSG,0-1,Vitória
2022,9,14,Gol,1,0,Maccabi Haifa,Champions League,PSG,1-3,Vitória
2022,9,14,Cartão Amarelo,1,0,Maccabi Haifa,Champions League,PSG,1-3,Vitória
2022,9,10,Gol,1,0,Brest,Ligue 1 (França),PSG,1-0,Vitória
2022,9,10,Cartão Amarelo,1,0,Brest,Ligue 1 (França),PSG,1-0,Vitória
2022,9,6,Assistência,0,0,Juventus,Champions League,PSG,2-1,Vitória
2022,9,3,Apenas Participação,0,0,Nantes,Ligue 1 (França),PSG,0-3,Vitória
2022,8,31,Gol,0,0,Toulouse,Ligue 1 (França),PSG,0-3,Vitória
2022,8,28,Gol,1,0,Monaco,Ligue 1 (França),PSG,1-1,Empate
2022,8,28,Cartão Amarelo,1,0,Monaco,Ligue 1 (França),PSG,1-1,Empate
2022,8,21,Gol,0,0,Lille,Ligue 1 (França),PSG,1-7,Vitória
2022,8,21,Gol,0,0,Lille,Ligue 1 (França),PSG,1-7,Vitória
2022,8,21,Assistência,0,0,Lille,Ligue 1 (França),PSG,1-7,Vitória
2022,8,21,Assistência,0,0,Lille,Ligue 1 (França),PSG,1-7,Vitória
2022,8,21,Assistência,0,0,Lille,Ligue 1 (França),PSG,1-7,Vitória
2022,8,13,Gol,0,0,Montpellier,Ligue 1 (França),PSG,5-2,Vitória
2022,8,13,Gol,0,0,Montpellier,Ligue 1 (França),PSG,5-2,Vitória
2022,8,6,Gol,0,0,Clermont,Ligue 1 (França),PSG,0-5,Vitória
2022,8,6,Assistência,0,0,Clermont,Ligue 1 (França),PSG,0-5,Vitória
2022,8,6,Assistência,0,0,Clermont,Ligue 1 (França),PSG,0-5,Vitória
2022,8,6,Assistência,0,0,Clermont,Ligue 1 (França),PSG,0-5,Vitória
2022,7,31,Gol,0,0,Nantes,Supercopa da França,PSG,4-0,Derrota
2022,7,31,Gol,0,0,Nantes,Supercopa da França,PSG,4-0,Derrota
2022,6,6,Gol,1,0,Japão,Amistosos da Seleção,Brasil,0-1,Vitória
2022,6,6,Cartão Amarelo,1,0,Japão,Amistosos da Seleção,Brasil,0-1,Vitória
2022,6,2,Gol,0,0,Coreia do Sul,Amistosos da Seleção,Brasil,1-5,Vitória
2022,6,2,Gol,0,0,Coreia do Sul,Amistosos da Seleção,Brasil,1-5,Vitória
2022,5,21,Gol,1,0,Metz,Ligue 1 (França),PSG,5-0,Vitória
2022,5,21,Cartão Amarelo,1,0,Metz,Ligue 1 (França),PSG,5-0,Vitória
2022,5,8,Gol,1,0,Troyes,Ligue 1 (França),PSG,2-2,Empate
2022,5,8,Cartão Amarelo,1,0,Troyes,Ligue 1 (França),PSG,2-2,Empate
2022,4,29,Assistência,1,0,Strasbourg,Ligue 1 (França),PSG,3-3,Empate
2022,4,29,Cartão Amarelo,1,0,Strasbourg,Ligue 1 (França),PSG,3-3,Empate
2022,4,23,Assistência,1,0,Lens,Ligue 1 (França),PSG,1-1,Empate
2022,4,23,Cartão Amarelo,1,0,Lens,Ligue 1 (França),PSG,1-1,Empate
2022,4,17,Gol,1,0,Marseille,Ligue 1 (França),PSG,2-1,Vitória
2022,4,17,Cartão Amarelo,1,0,Marseille,Ligue 1 (França),PSG,2-1,Vitória
2022,4,9,Gol,1,0,Clermont,Ligue 1 (França),PSG,1-6,Vitória
2022,4,9,Gol,1,0,Clermont,Ligue 1 (França),PSG,1-6,Vitória
2022,4,9,Gol,1,0,Clermont,Ligue 1 (França),PSG,1-6,Vitória
2022,4,9,Assistência,1,0,Clermont,Ligue 1 (França),PSG,1-6,Vitória
2022,4,9,Cartão Amarelo,1,0,Clermont,Ligue 1 (França),PSG,1-6,Vitória
2022,4,3,Gol,0,0,FC Lorient,Ligue 1 (França),PSG,5-1,Vitória
2022,4,3,Gol,0,0,FC Lorient,Ligue 1 (França),PSG,5-1,Vitória
2022,3,24,Gol,1,0,Chile,Eliminatórias da Copa do Mundo,Brasil,4-0,Vitória
2022,3,24,Cartão Amarelo,1,0,Chile,Eliminatórias da Copa do Mundo,Brasil,4-0,Vitória
2022,3,20,Cartão Amarelo,1,0,Monaco,Ligue 1 (França),PSG,3-0,Derrota
2022,3,13,Gol,0,0,Bordeaux,Ligue 1 (França),PSG,3-0,Vitória
2022,3,9,Assistência,0,0,Real Madrid,Champions League,PSG,3-1,Derrota
2022,3,5,Apenas Participação,0,0,Nice,Ligue 1 (França),PSG,1-0,Derrota
2022,2,26,Apenas Participação,0,0,Saint-Étienne,Ligue 1 (França),PSG,3-1,Vitória
2022,2,19,Gol,1,0,Nantes,Ligue 1 (França),PSG,3-1,Derrota
2022,2,19,Cartão Amarelo,1,0,Nantes,Ligue 1 (França),PSG,3-1,Derrota
2022,2,15,Assistência,0,0,Real Madrid,Champions League,PSG,1-0,Vitória
2023,10,17,Apenas Participação,0,0,Uruguai,Eliminatórias da Copa do Mundo,Brasil,2-0,Derrota
2023,10,12,Assistência,0,0,Venezuela,Eliminatórias da Copa do Mundo,Brasil,1-1,Empate
2023,10,3,Gol,0,0,Nassaji Mazandaran,Champions League Asiática,Al-Hilal,0-3,Vitória
2023,9,29,Assistência,0,0,Al-Shabab,Liga Saudita,Al-Hilal,2-0,Vitória
2023,9,21,Apenas Participação,0,0,Damac FC,Liga Saudita,Al-Hilal,1-1,Empate
2023,9,18,Cartão Amarelo,1,0,Navbahor Namangan,Champions League Asiática,Al-Hilal,1-1,Empate
2023,9,15,Assistência,0,0,Al-Riyadh,Liga Saudita,Al-Hilal,6-1,Vitória
2023,9,12,Assistência,0,0,Peru,Eliminatórias da Copa do Mundo,Brasil,0-1,Vitória
2023,9,8,Gol,1,0,Bolívia,Eliminatórias da Copa do Mundo,Brasil,5-1,Vitória
2023,9,8,Gol,1,0,Bolívia,Eliminatórias da Copa do Mundo,Brasil,5-1,Vitória
2023,9,8,Assistência,1,0,Bolívia,Eliminatórias da Copa do Mundo,Brasil,5-1,Vitória
2023,9,8,Cartão Amarelo,1,0,Bolívia,Eliminatórias da Copa do Mundo,Brasil,5-1,Vitória
2023,2,19,Gol,0,0,Lille,Ligue 1 (França),PSG,4-3,Vitória
2023,2,19,Assistência,0,0,Lille,Ligue 1 (França),PSG,4-3,Vitória
2023,2,14,Apenas Participação,0,0,Bayern München,Champions League,PSG,0-1,Derrota
2023,2,11,Apenas Participação,0,0,Monaco,Ligue 1 (França),PSG,3-1,Derrota
2023,2,8,Assistência,0,0,Marseille,CF,PSG,2-1,Derrota
2023,1,29,Gol,0,0,Stade de Reims,Ligue 1 (França),PSG,1-1,Empate
2023,1,23,Gol,1,0,US Pays de Cassel,CF,PSG,0-7,Vitória
2023,1,23,Assistência,1,0,US Pays de Cassel,CF,PSG,0-7,Vitória
2023,1,23,Assistência,1,0,US Pays de Cassel,CF,PSG,0-7,Vitória
2023,1,23,Cartão Amarelo,1,0,US Pays de Cassel,CF,PSG,0-7,Vitória
2023,1,15,Apenas Participação,0,0,Rennes,Ligue 1 (França),PSG,1-0,Derrota
2023,1,11,Cartão Amarelo,1,0,Angers,Ligue 1 (França),PSG,2-0,Vitória
2024,11,4,Apenas Participação,0,0,Esteghlal Tehran,Champions League Asiática,Al-Hilal,3-0,Vitória
2024,10,21,Apenas Participação,0,0,Al Ain,Champions League Asiática,Al-Hilal,4-5,Vitória
2025,12,7,Apenas Participação,0,0,Cruzeiro,Brasileirão,Santos,3-0,Vitória
2025,12,3,Gol,0,0,Juventude,Brasileirão,Santos,0-3,Vitória
2025,12,3,Gol,0,0,Juventude,Brasileirão,Santos,0-3,Vitória
2025,12,3,Gol,0,0,Juventude,Brasileirão,Santos,0-3,Vitória
2025,11,28,Gol,0,0,Sport,Brasileirão,Santos,3-0,Vitória
2025,11,28,Assistência,0,0,Sport,Brasileirão,Santos,3-0,Vitória
2025,11,19,Gol,0,0,Mirassol,Brasileirão,Santos,1-1,Empate
2025,11,15,Apenas Participação,0,0,Palmeiras,Brasileirão,Santos,1-0,Vitória
2025,11,9,Cartão Amarelo,1,0,Flamengo,Brasileirão,Santos,3-2,Derrota
2025,11,1,Apenas Participação,0,0,Fortaleza,Brasileirão,Santos,1-1,Empate
2025,9,14,Apenas Participação,0,0,Atlético Mineiro,Brasileirão,Santos,1-1,Empate
2025,8,31,Cartão Amarelo,1,0,Fluminense,Brasileirão,Santos,0-0,Empate
2025,8,17,Cartão Amarelo,1,0,Vasco,Brasileirão,Santos,0-6,Derrota
2025,8,10,Apenas Participação,0,0,Cruzeiro,Brasileirão,Santos,1-2,Vitória
2025,8,4,Gol,1,0,Juventude,Brasileirão,Santos,3-1,Vitória
2025,8,4,Gol,1,0,Juventude,Brasileirão,Santos,3-1,Vitória
2025,8,4,Cartão Amarelo,1,0,Juventude,Brasileirão,Santos,3-1,Vitória
2025,7,26,Apenas Participação,0,0,Sport,Brasileirão,Santos,2-2,Empate
2025,7,23,Apenas Participação,0,0,Internacional,Brasileirão,Santos,1-2,Derrota
2025,7,19,Apenas Participação,0,0,Mirassol,Brasileirão,Santos,3-0,Derrota
2025,7,16,Gol,0,0,Flamengo,Brasileirão,Santos,1-0,Vitória
2025,6,1,Cartão Amarelo,1,1,Botafogo,Brasileirão,Santos,0-1,Derrota
2025,6,1,Cartão Vermelho,1,1,Botafogo,Brasileirão,Santos,0-1,Derrota
2025,5,25,Apenas Participação,0,0,Vitória,Brasileirão,Santos,0-1,Vitória
2025,5,22,Apenas Participação,0,0,CRB,Copa do Brasil,Santos,0-0(5-4)g.p.,
2025,4,16,Apenas Participação,0,0,Atlético Mineiro,Brasileirão,Santos,2-0,Vitória
2025,4,13,Cartão Amarelo,1,0,Fluminense,Brasileirão,Santos,1-0,Derrota
2025,3,9,Apenas Participação,0,0,Corinthians,Paulistão,Santos,2-1,Derrota
2025,3,2,Gol,0,0,Red Bull Bragantino,Paulistão,Santos,2-0,Vitória
2025,2,23,Gol,0,0,Inter de Limeira,Paulistão,Santos,0-3,Vitória
2025,2,23,Assistência,0,0,Inter de Limeira,Paulistão,Santos,0-3,Vitória
2025,2,23,Assistência,0,0,Inter de Limeira,Paulistão,Santos,0-3,Vitória
2025,2,19,Cartão Amarelo,1,0,Noroeste,Paulistão,Santos,3-0,Vitória
2025,2,16,Gol,0,0,EC Água Santa,Paulistão,Santos,3-1,Vitória
2025,2,16,Assistência,0,0,EC Água Santa,Paulistão,Santos,3-1,Vitória
2025,2,12,Apenas Participação,0,0,Corinthians,Paulistão,Santos,2-1,Derrota
2025,2,9,Apenas Participação,0,0,Grêmio Novorizontino,Paulistão,Santos,0-0,Empate
2025,2,5,Apenas Participação,0,0,Botafogo-SP,Paulistão,Santos,1-1,Empate
2026,5,10,Gol,1,0,Red Bull Bragantino,Brasileirão,Santos,2-0,Vitória
2026,5,10,Cartão Amarelo,1,0,Red Bull Bragantino,Brasileirão,Santos,2-0,Vitória
2026,5,5,Gol,0,0,Recoleta,Copa Sul-Americana,Santos,1-1,Empate
2026,4,28,Apenas Participação,0,0,San Lorenzo,Copa Sul-Americana,Santos,1-1,Empate
2026,4,22,Cartão Amarelo,1,0,Coritiba,Copa do Brasil,Santos,0-0,Empate
2026,4,19,Apenas Participação,0,0,Fluminense,Brasileirão,Santos,2-3,Derrota
2026,4,14,Gol,1,0,Recoleta,Copa Sul-Americana,Santos,1-1,Empate
2026,4,14,Cartão Amarelo,1,0,Recoleta,Copa Sul-Americana,Santos,1-1,Empate
2026,4,11,Apenas Participação,0,0,Atlético Mineiro,Brasileirão,Santos,1-0,Vitória
2026,4,2,Assistência,1,0,Remo,Brasileirão,Santos,2-0,Vitória
2026,4,2,Cartão Amarelo,1,0,Remo,Brasileirão,Santos,2-0,Vitória
2026,3,18,Gol,1,0,Internacional,Brasileirão,Santos,1-2,Derrota
2026,3,18,Cartão Amarelo,1,0,Internacional,Brasileirão,Santos,1-2,Derrota
2026,3,15,Assistência,0,0,Corinthians,Brasileirão,Santos,1-1,Empate
2026,2,26,Gol,1,0,Vasco,Brasileirão,Santos,2-1,Vitória
2026,2,26,Gol,1,0,Vasco,Brasileirão,Santos,2-1,Vitória
2026,2,26,Cartão Amarelo,1,0,Vasco,Brasileirão,Santos,2-1,Vitória
2026,2,22,Apenas Participação,0,0,Grêmio Novorizontino,Paulistão,Santos,2-1,Derrota
2026,2,15,Assistência,0,0,Velo Clube,Paulistão,Santos,6-0,Vitória
