Ano,Mes,Dia,Ação,C. Amarelo,C. Vermelho,Adversário,Competição,Time,PLACAR,Resultado
2014,12,20,Nenhuma,0,0,San Lorenzo,Mundial de Clubes,Real Madrid,2-0,Derrota
2014,12,16,2 Assist.,0,0,Cruz Azul,Mundial de Clubes,Real Madrid,0-4,Vitória
2014,12,12,2 Gol(s),1,0,Almería,La Liga (Espanha),Real Madrid,1-4,Vitória
2014,12,09,1 Gol(s),0,0,Ludogorets Razgrad,Champions League,Real Madrid,4-0,Vitória
2014,12,06,3 Gol(s),0,0,Celta de Vigo,La Liga (Espanha),Real Madrid,3-0,Vitória
2014,11,29,2 Assist.,0,0,Málaga,La Liga (Espanha),Real Madrid,1-2,Vitória
2014,11,26,1 Gol(s),0,0,FC Basel,Champions League,Real Madrid,0-1,Vitória
2014,11,22,2 Gol(s) / 1 Assist.,0,0,Eibar,La Liga (Espanha),Real Madrid,0-4,Vitória
2014,11,18,Nenhuma,0,0,Argentina,Amistosos da Seleção,Portugal,1-0,Vitória
2014,11,14,1 Gol(s),0,0,Armênia,EE,Portugal,1-0,Vitória
2014,11,08,1 Gol(s) / 2 Assist.,0,0,Rayo Vallecano,La Liga (Espanha),Real Madrid,5-1,Vitória
2014,11,04,Nenhuma,0,0,Liverpool,Champions League,Real Madrid,1-0,Vitória
2014,11,01,1 Gol(s) / 2 Assist.,0,0,Granada,La Liga (Espanha),Real Madrid,0-4,Vitória
2014,10,25,1 Gol(s),1,0,Barcelona,La Liga (Espanha),Real Madrid,3-1,Vitória
2014,10,22,1 Gol(s),0,0,Liverpool,Champions League,Real Madrid,0-3,Vitória
2014,10,18,2 Gol(s),0,0,Levante,La Liga (Espanha),Real Madrid,0-5,Vitória
2014,10,14,1 Gol(s),1,0,Dinamarca,EE,Portugal,0-1,Vitória
2014,10,11,Nenhuma,0,0,França,Amistosos da Seleção,Portugal,2-1,Derrota
2014,10,05,3 Gol(s) / 1 Assist.,0,0,Athletic Bilbao,La Liga (Espanha),Real Madrid,5-0,Vitória
2014,10,01,1 Gol(s),0,0,Ludogorets Razgrad,Champions League,Real Madrid,1-2,Vitória
2014,09,27,1 Gol(s),0,0,Villarreal,La Liga (Espanha),Real Madrid,0-2,Vitória
2014,09,23,4 Gol(s),0,0,Elche,La Liga (Espanha),Real Madrid,5-1,Vitória
2014,09,20,3 Gol(s),0,0,Deportivo,La Liga (Espanha),Real Madrid,2-8,Vitória
2014,09,16,1 Gol(s) / 1 Assist.,0,0,FC Basel,Champions League,Real Madrid,5-1,Vitória
2014,09,13,1 Gol(s),0,0,Atlético de Madrid,La Liga (Espanha),Real Madrid,1-2,Derrota
2014,08,25,1 Gol(s),0,0,Córdoba,La Liga (Espanha),Real Madrid,2-0,Vitória
2014,08,22,Nenhuma,1,0,Atlético de Madrid,Supercopa da Espanha,Real Madrid,1-0,Derrota
2014,08,19,Nenhuma,0,0,Atlético de Madrid,Supercopa da Espanha,Real Madrid,1-1,Empate
2014,08,12,2 Gol(s),0,0,Sevilla,SCE,Real Madrid,2-0,Derrota
2014,06,26,1 Gol(s),0,0,Gana,Copa do Mundo,Portugal,2-1,Vitória
2014,06,22,1 Assist.,0,0,Estados Unidos,Copa do Mundo,Portugal,2-2,Empate
2014,06,16,Nenhuma,0,0,Alemanha,Copa do Mundo,Portugal,4-0,Derrota
2014,06,10,Nenhuma,0,0,Rep. Irlanda,Amistosos da Seleção,Portugal,5-1,Derrota
2014,05,24,1 Gol(s) / 1 Assist.,1,0,Atlético de Madrid,Champions League,Real Madrid,4-1(a.p.),N/A
2014,05,07,Nenhuma,0,0,Valladolid,La Liga (Espanha),Real Madrid,1-1,Empate
2014,05,04,1 Gol(s) / 1 Assist.,0,0,Valencia,La Liga (Espanha),Real Madrid,2-2,Empate
2014,04,29,2 Gol(s),0,0,Bayern München,Champions League,Real Madrid,0-4,Vitória
2014,04,26,2 Gol(s),0,0,Osasuna,La Liga (Espanha),Real Madrid,4-0,Vitória
2014,04,23,Nenhuma,0,0,Bayern München,Champions League,Real Madrid,1-0,Vitória
2014,04,08,Nenhuma,0,0,Borussia Dortmund,Champions League,Real Madrid,2-0,Derrota
2014,04,02,1 Gol(s),0,0,Borussia Dortmund,Champions League,Real Madrid,3-0,Vitória
2014,03,29,1 Gol(s) / 1 Assist.,0,0,Rayo Vallecano,La Liga (Espanha),Real Madrid,5-0,Vitória
2014,03,26,1 Gol(s),0,0,Sevilla,La Liga (Espanha),Real Madrid,2-1,Derrota
2014,03,23,1 Gol(s),1,0,Barcelona,La Liga (Espanha),Real Madrid,3-4,Derrota
2014,03,18,2 Gol(s),0,0,Schalke 04,Champions League,Real Madrid,3-1,Vitória
2014,03,15,1 Gol(s),0,0,Málaga,La Liga (Espanha),Real Madrid,0-1,Vitória
2014,03,09,1 Gol(s) / 1 Assist.,0,0,Levante,La Liga (Espanha),Real Madrid,3-0,Vitória
2014,03,05,2 Gol(s),0,0,Camarões,Amistosos da Seleção,Portugal,5-1,Vitória
2014,03,02,1 Gol(s),0,0,Atlético de Madrid,La Liga (Espanha),Real Madrid,2-2,Empate
2014,02,26,2 Gol(s) / 1 Assist.,0,0,Schalke 04,Champions League,Real Madrid,1-6,Vitória
2014,02,11,2 Gol(s),1,0,Atlético de Madrid,Copa do Rei (Espanha),Real Madrid,0-2,Vitória
2014,02,05,Nenhuma,0,0,Atlético de Madrid,Copa do Rei (Espanha),Real Madrid,3-0,Vitória
2014,02,02,1 Assist.,0,1,Athletic Bilbao,La Liga (Espanha),Real Madrid,1-1,Empate
2014,01,28,Nenhuma,1,0,Espanyol,Copa do Rei (Espanha),Real Madrid,1-0,Vitória
2014,01,25,1 Gol(s),0,0,Granada,La Liga (Espanha),Real Madrid,2-0,Vitória
2014,01,21,Nenhuma,0,0,Espanyol,Copa do Rei (Espanha),Real Madrid,0-1,Vitória
2014,01,18,1 Gol(s) / 1 Assist.,0,0,Real Betis,La Liga (Espanha),Real Madrid,0-5,Vitória
2014,01,15,1 Gol(s),0,0,Osasuna,Copa do Rei (Espanha),Real Madrid,0-2,Vitória
2014,01,12,Nenhuma,0,0,Espanyol,La Liga (Espanha),Real Madrid,0-1,Vitória
2014,01,09,1 Assist.,0,0,Osasuna,Copa do Rei (Espanha),Real Madrid,2-0,Vitória
2014,01,06,2 Gol(s),0,0,Celta de Vigo,La Liga (Espanha),Real Madrid,3-0,Vitória
2015,12,30,2 Gol(s),0,0,Real Sociedad,La Liga (Espanha),Real Madrid,3-1,Vitória
2015,12,20,2 Gol(s) / 1 Assist.,0,0,Rayo Vallecano,La Liga (Espanha),Real Madrid,10-2,Vitória
2015,12,13,Nenhuma,0,0,Villarreal,La Liga (Espanha),Real Madrid,1-0,Derrota
2015,12,08,4 Gol(s) / 1 Assist.,0,0,Malmö,Champions League,Real Madrid,8-0,Vitória
2015,12,05,1 Gol(s) / 1 Assist.,0,0,Getafe,La Liga (Espanha),Real Madrid,4-1,Vitória
2015,11,29,1 Gol(s),0,0,Eibar,La Liga (Espanha),Real Madrid,0-2,Vitória
2015,11,25,2 Gol(s) / 2 Assist.,0,0,Shakhtar Donetsk,Champions League,Real Madrid,3-4,Vitória
2015,11,21,Nenhuma,0,0,Barcelona,La Liga (Espanha),Real Madrid,0-4,Derrota
2015,11,08,Nenhuma,0,0,Sevilla,La Liga (Espanha),Real Madrid,3-2,Derrota
2015,11,03,Nenhuma,0,0,PSG,Champions League,Real Madrid,1-0,Vitória
2015,10,31,1 Gol(s),0,0,Las Palmas,La Liga (Espanha),Real Madrid,3-1,Vitória
2015,10,24,1 Gol(s),0,0,Celta de Vigo,La Liga (Espanha),Real Madrid,1-3,Vitória
2015,10,21,Nenhuma,0,0,PSG,Champions League,Real Madrid,0-0,Empate
2015,10,17,1 Gol(s) / 1 Assist.,0,0,Levante,La Liga (Espanha),Real Madrid,3-0,Vitória
2015,10,08,Nenhuma,0,0,Dinamarca,EE,Portugal,1-0,Vitória
2015,10,04,Nenhuma,0,0,Atlético de Madrid,La Liga (Espanha),Real Madrid,1-1,Empate
2015,09,30,2 Gol(s),0,0,Malmö,Champions League,Real Madrid,0-2,Vitória
2015,09,26,Nenhuma,1,0,Málaga,La Liga (Espanha),Real Madrid,0-0,Empate
2015,09,23,Nenhuma,1,0,Athletic Bilbao,La Liga (Espanha),Real Madrid,1-2,Vitória
2015,09,19,Nenhuma,0,0,Granada,La Liga (Espanha),Real Madrid,1-0,Vitória
2015,09,15,3 Gol(s),0,0,Shakhtar Donetsk,Champions League,Real Madrid,4-0,Vitória
2015,09,12,5 Gol(s) / 1 Assist.,0,0,Espanyol,La Liga (Espanha),Real Madrid,0-6,Vitória
2015,09,07,Nenhuma,0,0,Albânia,EE,Portugal,0-1,Vitória
2015,09,04,Nenhuma,0,0,França,Amistosos da Seleção,Portugal,0-1,Derrota
2015,08,29,Nenhuma,0,0,Real Betis,La Liga (Espanha),Real Madrid,5-0,Vitória
2015,08,23,Nenhuma,0,0,Sporting Gijón,La Liga (Espanha),Real Madrid,0-0,Empate
2015,06,13,3 Gol(s),0,0,Armênia,EE,Portugal,2-3,Vitória
2015,05,23,3 Gol(s),0,0,Getafe,La Liga (Espanha),Real Madrid,7-3,Vitória
2015,05,17,3 Gol(s) / 1 Assist.,0,0,Espanyol,La Liga (Espanha),Real Madrid,1-4,Vitória
2015,05,13,1 Gol(s),0,0,Juventus,Champions League,Real Madrid,1-1,Empate
2015,05,09,Nenhuma,0,0,Valencia,La Liga (Espanha),Real Madrid,2-2,Empate
2015,05,05,1 Gol(s),0,0,Juventus,Champions League,Real Madrid,2-1,Derrota
2015,05,02,3 Gol(s),0,0,Sevilla,La Liga (Espanha),Real Madrid,2-3,Vitória
2015,04,29,Nenhuma,0,0,Almería,La Liga (Espanha),Real Madrid,3-0,Vitória
2015,04,26,1 Assist.,0,0,Celta de Vigo,La Liga (Espanha),Real Madrid,2-4,Vitória
2015,04,22,1 Assist.,0,0,Atlético de Madrid,Champions League,Real Madrid,1-0,Vitória
2015,04,18,1 Gol(s) / 2 Assist.,0,0,Málaga,La Liga (Espanha),Real Madrid,3-1,Vitória
2015,04,14,Nenhuma,0,0,Atlético de Madrid,Champions League,Real Madrid,0-0,Empate
2015,04,11,1 Gol(s),0,0,Eibar,La Liga (Espanha),Real Madrid,3-0,Vitória
2015,04,08,1 Gol(s) / 1 Assist.,1,0,Rayo Vallecano,La Liga (Espanha),Real Madrid,0-2,Vitória
2015,04,05,5 Gol(s),0,0,Granada,La Liga (Espanha),Real Madrid,9-1,Vitória
2015,03,29,Nenhuma,0,0,Sérvia,EE,Portugal,2-1,Vitória
2015,03,22,1 Gol(s),1,0,Barcelona,La Liga (Espanha),Real Madrid,2-1,Derrota
2015,03,15,1 Assist.,0,0,Levante,La Liga (Espanha),Real Madrid,2-0,Vitória
2015,03,10,2 Gol(s),1,0,Schalke 04,Champions League,Real Madrid,3-4,Derrota
2015,03,07,Nenhuma,0,0,Athletic Bilbao,La Liga (Espanha),Real Madrid,1-0,Derrota
2015,03,01,1 Gol(s),0,0,Villarreal,La Liga (Espanha),Real Madrid,1-1,Empate
2015,02,22,1 Gol(s),0,0,Elche,La Liga (Espanha),Real Madrid,0-2,Vitória
2015,02,18,1 Gol(s) / 1 Assist.,0,0,Schalke 04,Champions League,Real Madrid,0-2,Vitória
2015,02,14,1 Assist.,0,0,Deportivo,La Liga (Espanha),Real Madrid,2-0,Vitória
2015,02,07,Nenhuma,0,0,Atlético de Madrid,La Liga (Espanha),Real Madrid,4-0,Derrota
2015,01,24,Nenhuma,0,1,Córdoba,La Liga (Espanha),Real Madrid,1-2,Vitória
2015,01,18,2 Gol(s),0,0,Getafe,La Liga (Espanha),Real Madrid,0-3,Vitória
2015,01,15,1 Gol(s),0,0,Atlético de Madrid,Copa do Rei (Espanha),Real Madrid,2-2,Empate
2015,01,10,1 Assist.,1,0,Espanyol,La Liga (Espanha),Real Madrid,3-0,Vitória
2015,01,07,Nenhuma,0,0,Atlético de Madrid,Copa do Rei (Espanha),Real Madrid,2-0,Derrota
2015,01,04,1 Gol(s),0,0,Valencia,La Liga (Espanha),Real Madrid,2-1,Derrota
2016,12,18,3 Gol(s),0,0,Kashima Antlers,Mundial de Clubes,Real Madrid,4-2(a.p.),N/A
2016,12,15,1 Gol(s),0,0,Club América,Mundial de Clubes,Real Madrid,0-2,Vitória
2016,12,07,Nenhuma,0,0,Borussia Dortmund,Champions League,Real Madrid,2-2,Empate
2016,12,03,Nenhuma,0,0,Barcelona,La Liga (Espanha),Real Madrid,1-1,Empate
2016,11,26,2 Gol(s),0,0,Sporting Gijón,La Liga (Espanha),Real Madrid,2-1,Vitória
2016,11,22,1 Assist.,0,0,Sporting,Champions League,Real Madrid,1-2,Vitória
2016,11,19,3 Gol(s),1,0,Atlético de Madrid,La Liga (Espanha),Real Madrid,0-3,Vitória
2016,11,13,2 Gol(s),0,0,Letônia,Eliminatórias da Copa do Mundo,Portugal,4-1,Vitória
2016,11,06,Nenhuma,1,0,Leganés,La Liga (Espanha),Real Madrid,3-0,Vitória
2016,11,02,1 Assist.,0,0,Legia Warszawa,Champions League,Real Madrid,3-3,Empate
2016,10,29,3 Gol(s),0,0,Alavés,La Liga (Espanha),Real Madrid,1-4,Vitória
2016,10,23,Nenhuma,0,0,Athletic Bilbao,La Liga (Espanha),Real Madrid,2-1,Vitória
2016,10,18,2 Assist.,1,0,Legia Warszawa,Champions League,Real Madrid,5-1,Vitória
2016,10,15,1 Gol(s) / 1 Assist.,0,0,Real Betis,La Liga (Espanha),Real Madrid,1-6,Vitória
2016,10,10,1 Gol(s),0,0,Ilhas Faroé,Eliminatórias da Copa do Mundo,Portugal,0-6,Vitória
2016,10,07,4 Gol(s),0,0,Andorra,Eliminatórias da Copa do Mundo,Portugal,6-0,Vitória
2016,10,02,1 Assist.,0,0,Eibar,La Liga (Espanha),Real Madrid,1-1,Empate
2016,09,27,1 Gol(s),0,0,Borussia Dortmund,Champions League,Real Madrid,2-2,Empate
2016,09,24,Nenhuma,0,0,Las Palmas,La Liga (Espanha),Real Madrid,2-2,Empate
2016,09,21,Nenhuma,1,0,Villarreal,La Liga (Espanha),Real Madrid,1-1,Empate
2016,09,14,1 Gol(s),0,0,Sporting,Champions League,Real Madrid,2-1,Vitória
2016,09,10,1 Gol(s),0,0,Osasuna,La Liga (Espanha),Real Madrid,5-2,Vitória
2016,07,10,Nenhuma,0,0,França,Eurocopa,Portugal,1-0(a.p.),N/A
2016,07,06,1 Gol(s) / 1 Assist.,1,0,País de Gales,Eurocopa,Portugal,2-0,Derrota
2016,06,30,Nenhuma,0,0,Polônia,Eurocopa,Portugal,1-1(3-5)g.p.,N/A
2016,06,25,Nenhuma,0,0,Croácia,Eurocopa,Portugal,0-1(a.p.),N/A
2016,06,22,2 Gol(s) / 1 Assist.,0,0,Hungria,Eurocopa,Portugal,3-3,Empate
2016,06,18,Nenhuma,0,0,Áustria,Eurocopa,Portugal,0-0,Empate
2016,06,14,Nenhuma,0,0,Islândia,Eurocopa,Portugal,1-1,Empate
2016,06,08,2 Gol(s),0,0,Estônia,Amistosos da Seleção,Portugal,7-0,Vitória
2016,05,28,Nenhuma,0,0,Atlético de Madrid,Champions League,Real Madrid,1-1(5-3)g.p.,N/A
2016,05,14,2 Gol(s),0,0,Deportivo,La Liga (Espanha),Real Madrid,0-2,Vitória
2016,05,08,2 Gol(s),0,0,Valencia,La Liga (Espanha),Real Madrid,3-2,Vitória
2016,05,04,Nenhuma,0,0,Manchester City,Champions League,Real Madrid,1-0,Vitória
2016,04,20,Nenhuma,0,0,Villarreal,La Liga (Espanha),Real Madrid,3-0,Vitória
2016,04,16,1 Gol(s),0,0,Getafe,La Liga (Espanha),Real Madrid,1-5,Vitória
2016,04,12,3 Gol(s),1,0,Wolfsburg,Champions League,Real Madrid,3-0,Vitória
2016,04,09,1 Gol(s) / 2 Assist.,0,0,Eibar,La Liga (Espanha),Real Madrid,4-0,Vitória
2016,04,06,Nenhuma,0,0,Wolfsburg,Champions League,Real Madrid,2-0,Derrota
2016,04,02,1 Gol(s),0,0,Barcelona,La Liga (Espanha),Real Madrid,1-2,Vitória
2016,03,29,1 Gol(s),0,0,Bélgica,Amistosos da Seleção,Portugal,2-1,Vitória
2016,03,25,Nenhuma,0,0,Bulgária,Amistosos da Seleção,Portugal,0-1,Derrota
2016,03,20,1 Gol(s),0,0,Sevilla,La Liga (Espanha),Real Madrid,4-0,Vitória
2016,03,13,Nenhuma,0,0,Las Palmas,La Liga (Espanha),Real Madrid,1-2,Vitória
2016,03,08,1 Gol(s) / 1 Assist.,0,0,Roma,Champions League,Real Madrid,2-0,Vitória
2016,03,05,4 Gol(s),0,0,Celta de Vigo,La Liga (Espanha),Real Madrid,7-1,Vitória
2016,03,02,1 Gol(s) / 1 Assist.,0,0,Levante,La Liga (Espanha),Real Madrid,1-3,Vitória
2016,02,27,Nenhuma,0,0,Atlético de Madrid,La Liga (Espanha),Real Madrid,0-1,Derrota
2016,02,21,1 Gol(s),0,0,Málaga,La Liga (Espanha),Real Madrid,1-1,Empate
2016,02,17,1 Gol(s),0,0,Roma,Champions League,Real Madrid,0-2,Vitória
2016,02,13,2 Gol(s) / 1 Assist.,0,0,Athletic Bilbao,La Liga (Espanha),Real Madrid,4-2,Vitória
2016,02,07,Nenhuma,0,0,Granada,La Liga (Espanha),Real Madrid,1-2,Vitória
2016,01,31,3 Gol(s),0,0,Espanyol,La Liga (Espanha),Real Madrid,6-0,Vitória
2016,01,24,Nenhuma,0,0,Real Betis,La Liga (Espanha),Real Madrid,1-1,Empate
2016,01,17,2 Gol(s),0,0,Sporting Gijón,La Liga (Espanha),Real Madrid,5-1,Vitória
2016,01,09,2 Assist.,0,0,Deportivo,La Liga (Espanha),Real Madrid,5-0,Vitória
2016,01,03,1 Assist.,0,0,Valencia,La Liga (Espanha),Real Madrid,2-2,Empate
2017,12,23,Nenhuma,0,0,Barcelona,La Liga (Espanha),Real Madrid,0-3,Derrota
2017,12,16,1 Gol(s),0,0,Grêmio,Mundial de Clubes,Real Madrid,1-0,Derrota
2017,12,13,1 Gol(s),0,0,Al Jazira,Mundial de Clubes,Real Madrid,1-2,Vitória
2017,12,09,2 Gol(s),0,0,Sevilla,La Liga (Espanha),Real Madrid,5-0,Vitória
2017,12,06,1 Gol(s),0,0,Borussia Dortmund,Champions League,Real Madrid,3-2,Vitória
2017,12,02,Nenhuma,1,0,Athletic Bilbao,La Liga (Espanha),Real Madrid,0-0,Empate
2017,11,25,1 Gol(s),0,0,Málaga,La Liga (Espanha),Real Madrid,3-2,Vitória
2017,11,21,2 Gol(s) / 1 Assist.,0,0,APOEL,Champions League,Real Madrid,0-6,Vitória
2017,11,18,Nenhuma,0,0,Atlético de Madrid,La Liga (Espanha),Real Madrid,0-0,Empate
2017,11,05,1 Assist.,0,0,Las Palmas,La Liga (Espanha),Real Madrid,3-0,Vitória
2017,11,01,1 Gol(s),0,0,Tottenham,Champions League,Real Madrid,3-1,Derrota
2017,10,29,Nenhuma,0,0,Girona,La Liga (Espanha),Real Madrid,2-1,Derrota
2017,10,22,Nenhuma,0,0,Eibar,La Liga (Espanha),Real Madrid,3-0,Vitória
2017,10,17,1 Gol(s),1,0,Tottenham,Champions League,Real Madrid,1-1,Empate
2017,10,14,1 Gol(s),0,0,Getafe,La Liga (Espanha),Real Madrid,1-2,Vitória
2017,10,10,Nenhuma,0,0,Suíça,Eliminatórias da Copa do Mundo,Portugal,2-0,Vitória
2017,10,07,1 Gol(s),0,0,Andorra,Eliminatórias da Copa do Mundo,Portugal,0-2,Vitória
2017,10,01,1 Assist.,0,0,Espanyol,La Liga (Espanha),Real Madrid,2-0,Vitória
2017,09,26,2 Gol(s),0,0,Borussia Dortmund,Champions League,Real Madrid,1-3,Vitória
2017,09,23,Nenhuma,0,0,Alavés,La Liga (Espanha),Real Madrid,1-2,Vitória
2017,09,20,Nenhuma,0,0,Real Betis,La Liga (Espanha),Real Madrid,0-1,Derrota
2017,09,13,2 Gol(s),0,0,APOEL,Champions League,Real Madrid,3-0,Vitória
2017,09,03,1 Assist.,1,0,Hungria,Eliminatórias da Copa do Mundo,Portugal,0-1,Vitória
2017,08,31,3 Gol(s) / 1 Assist.,0,0,Ilhas Faroé,Eliminatórias da Copa do Mundo,Portugal,5-1,Vitória
2017,08,13,1 Gol(s),1,1,Barcelona,Supercopa da Espanha,Real Madrid,1-3,Vitória
2017,08,08,Nenhuma,0,0,Manchester United,SCE,Real Madrid,2-1,Derrota
2017,06,28,Nenhuma,0,0,Chile,CC,Portugal,0-0(0-3)g.p.,N/A
2017,06,24,1 Gol(s),0,0,Nova Zelândia,CC,Portugal,0-4,Vitória
2017,06,21,1 Gol(s),0,0,Rússia,CC,Portugal,0-1,Vitória
2017,06,18,1 Assist.,0,0,México,CC,Portugal,2-2,Empate
2017,06,09,2 Gol(s) / 1 Assist.,0,0,Letônia,Eliminatórias da Copa do Mundo,Portugal,0-3,Vitória
2017,06,03,2 Gol(s),0,0,Juventus,Champions League,Real Madrid,1-4,Vitória
2017,05,21,1 Gol(s),0,0,Málaga,La Liga (Espanha),Real Madrid,0-2,Vitória
2017,05,17,2 Gol(s),0,0,Celta de Vigo,La Liga (Espanha),Real Madrid,1-4,Vitória
2017,05,14,2 Gol(s),0,0,Sevilla,La Liga (Espanha),Real Madrid,4-1,Vitória
2017,05,10,Nenhuma,0,0,Atlético de Madrid,Champions League,Real Madrid,2-1,Derrota
2017,05,02,3 Gol(s),0,0,Atlético de Madrid,Champions League,Real Madrid,3-0,Vitória
2017,04,29,1 Gol(s),0,0,Valencia,La Liga (Espanha),Real Madrid,2-1,Vitória
2017,04,23,Nenhuma,0,0,Barcelona,La Liga (Espanha),Real Madrid,2-3,Derrota
2017,04,18,3 Gol(s),0,0,Bayern München,Champions League,Real Madrid,4-2(a.p.),N/A
2017,04,12,2 Gol(s),0,0,Bayern München,Champions League,Real Madrid,1-2,Vitória
2017,04,08,Nenhuma,0,0,Atlético de Madrid,La Liga (Espanha),Real Madrid,1-1,Empate
2017,04,02,1 Assist.,0,0,Alavés,La Liga (Espanha),Real Madrid,3-0,Vitória
2017,03,28,1 Gol(s),0,0,Suécia,Amistosos da Seleção,Portugal,2-3,Derrota
2017,03,25,2 Gol(s),0,0,Hungria,Eliminatórias da Copa do Mundo,Portugal,3-0,Vitória
2017,03,18,2 Assist.,0,0,Athletic Bilbao,La Liga (Espanha),Real Madrid,1-2,Vitória
2017,03,12,1 Gol(s),0,0,Real Betis,La Liga (Espanha),Real Madrid,2-1,Vitória
2017,03,07,Nenhuma,0,0,Napoli,Champions League,Real Madrid,1-3,Vitória
2017,03,01,2 Gol(s),1,0,Las Palmas,La Liga (Espanha),Real Madrid,3-3,Empate
2017,02,26,1 Gol(s),0,0,Villarreal,La Liga (Espanha),Real Madrid,2-3,Vitória
2017,02,22,1 Gol(s),0,0,Valencia,La Liga (Espanha),Real Madrid,2-1,Derrota
2017,02,18,Nenhuma,0,0,Espanyol,La Liga (Espanha),Real Madrid,2-0,Vitória
2017,02,15,1 Assist.,0,0,Napoli,Champions League,Real Madrid,3-1,Vitória
2017,02,11,1 Gol(s),0,0,Osasuna,La Liga (Espanha),Real Madrid,1-3,Vitória
2017,01,29,1 Gol(s) / 1 Assist.,0,0,Real Sociedad,La Liga (Espanha),Real Madrid,3-0,Vitória
2017,01,25,1 Gol(s),0,0,Celta de Vigo,Copa do Rei (Espanha),Real Madrid,2-2,Empate
2017,01,21,Nenhuma,0,0,Málaga,La Liga (Espanha),Real Madrid,2-1,Vitória
2017,01,18,Nenhuma,0,0,Celta de Vigo,Copa do Rei (Espanha),Real Madrid,1-2,Derrota
2017,01,15,1 Gol(s),0,0,Sevilla,La Liga (Espanha),Real Madrid,2-1,Derrota
2017,01,07,1 Gol(s),0,0,Granada,La Liga (Espanha),Real Madrid,5-0,Vitória
2018,12,29,2 Gol(s),0,0,Sampdoria,SA,Juventus,2-1,Vitória
2018,12,26,1 Gol(s),0,0,Atalanta,SA,Juventus,2-2,Empate
2018,12,22,Nenhuma,0,0,Roma,SA,Juventus,1-0,Vitória
2018,12,15,1 Gol(s),1,0,Torino,SA,Juventus,0-1,Vitória
2018,12,12,1 Assist.,0,0,Young Boys,Champions League,Juventus,2-1,Derrota
2018,12,07,Nenhuma,0,0,Internazionale,SA,Juventus,1-0,Vitória
2018,12,01,1 Gol(s),1,0,Fiorentina,SA,Juventus,0-3,Vitória
2018,11,27,1 Assist.,0,0,Valencia,Champions League,Juventus,1-0,Vitória
2018,11,24,1 Gol(s),0,0,SPAL,SA,Juventus,2-0,Vitória
2018,11,11,1 Gol(s),0,0,Milan,SA,Juventus,0-2,Vitória
2018,11,07,1 Gol(s),0,0,Manchester United,Champions League,Juventus,1-2,Derrota
2018,11,03,1 Assist.,0,0,Cagliari,SA,Juventus,3-1,Vitória
2018,10,27,2 Gol(s),0,0,Empoli,SA,Juventus,1-2,Vitória
2018,10,23,Nenhuma,0,0,Manchester United,Champions League,Juventus,0-1,Vitória
2018,10,20,1 Gol(s),0,0,Genoa,SA,Juventus,1-1,Empate
2018,10,06,1 Gol(s),0,0,Udinese,SA,Juventus,0-2,Vitória
2018,09,29,2 Assist.,0,0,Napoli,SA,Juventus,3-1,Vitória
2018,09,26,1 Assist.,0,0,Bologna,SA,Juventus,2-0,Vitória
2018,09,23,1 Gol(s),0,0,Frosinone,SA,Juventus,0-2,Vitória
2018,09,19,Nenhuma,0,1,Valencia,Champions League,Juventus,0-2,Vitória
2018,09,16,2 Gol(s),0,0,Sassuolo,SA,Juventus,2-1,Vitória
2018,09,01,Nenhuma,0,0,Parma,SA,Juventus,1-2,Vitória
2018,08,25,1 Assist.,0,0,Lazio,SA,Juventus,2-0,Vitória
2018,08,18,Nenhuma,0,0,Chievo,SA,Juventus,2-3,Vitória
2018,06,30,Nenhuma,1,0,Uruguai,Copa do Mundo,Portugal,2-1,Derrota
2018,06,25,Nenhuma,1,0,Irã,Copa do Mundo,Portugal,1-1,Empate
2018,06,20,1 Gol(s),0,0,Marrocos,Copa do Mundo,Portugal,1-0,Derrota
2018,06,15,3 Gol(s),0,0,Espanha,Copa do Mundo,Portugal,3-3,Empate
2018,06,07,1 Assist.,0,0,Argélia,Amistosos da Seleção,Portugal,3-0,Vitória
2018,05,26,Nenhuma,0,0,Liverpool,Champions League,Real Madrid,3-1,Derrota
2018,05,19,1 Gol(s),0,0,Villarreal,La Liga (Espanha),Real Madrid,2-2,Empate
2018,05,06,1 Gol(s),0,0,Barcelona,La Liga (Espanha),Real Madrid,2-2,Empate
2018,05,01,Nenhuma,0,0,Bayern München,Champions League,Real Madrid,2-2,Empate
2018,04,25,Nenhuma,0,0,Bayern München,Champions League,Real Madrid,1-2,Vitória
2018,04,18,1 Gol(s),0,0,Athletic Bilbao,La Liga (Espanha),Real Madrid,1-1,Empate
2018,04,11,1 Gol(s),1,0,Juventus,Champions League,Real Madrid,1-3,Derrota
2018,04,08,1 Gol(s),0,0,Atlético de Madrid,La Liga (Espanha),Real Madrid,1-1,Empate
2018,04,03,2 Gol(s) / 1 Assist.,0,0,Juventus,Champions League,Real Madrid,0-3,Vitória
2018,03,26,Nenhuma,0,0,Holanda,Amistosos da Seleção,Portugal,0-3,Vitória
2018,03,23,2 Gol(s),0,0,Egito,Amistosos da Seleção,Portugal,1-2,Vitória
2018,03,18,4 Gol(s) / 1 Assist.,0,0,Girona,La Liga (Espanha),Real Madrid,6-3,Vitória
2018,03,10,2 Gol(s),0,0,Eibar,La Liga (Espanha),Real Madrid,1-2,Vitória
2018,03,06,1 Gol(s) / 1 Assist.,0,0,PSG,Champions League,Real Madrid,1-2,Vitória
2018,03,03,2 Gol(s),0,0,Getafe,La Liga (Espanha),Real Madrid,3-1,Vitória
2018,02,24,2 Gol(s),0,0,Alavés,La Liga (Espanha),Real Madrid,4-0,Vitória
2018,02,18,1 Gol(s),0,0,Real Betis,La Liga (Espanha),Real Madrid,3-5,Vitória
2018,02,14,2 Gol(s),0,0,PSG,Champions League,Real Madrid,3-1,Vitória
2018,02,10,3 Gol(s) / 1 Assist.,0,0,Real Sociedad,La Liga (Espanha),Real Madrid,5-2,Vitória
2018,02,03,Nenhuma,0,0,Levante,La Liga (Espanha),Real Madrid,2-2,Empate
2018,01,27,2 Gol(s),0,0,Valencia,La Liga (Espanha),Real Madrid,1-4,Vitória
2018,01,21,2 Gol(s) / 1 Assist.,0,0,Deportivo,La Liga (Espanha),Real Madrid,7-1,Vitória
2018,01,13,Nenhuma,0,0,Villarreal,La Liga (Espanha),Real Madrid,0-1,Derrota
2018,01,07,Nenhuma,0,0,Celta de Vigo,La Liga (Espanha),Real Madrid,2-2,Empate
