AnoMes,QtdePixcontestados,Qtdecontestacoesaceitas,Qtdecontestacoesrejeitadas,Qtdecontestacoesaceitasacada100mil,QtdeUsuarioscommarcacoesdefraude,QtdeChavesPixcommarcacoesdefraude,ValorPixcontestadosaceitos,QuantidadedevolvidaintegralmentepormeiodoMED,ValorPixdevolvidosintegralmente,QuantidadedevolvidaparcialmentepormeiodoMED,ValorPixdevolvidosparcialmente,ValorPixresidualnaodevolvido,Quantidadedenaodevolvidossaldoinsuficiente,ValorPixnaodevolvidossaldoinsuficiente,Quantidadedenaodevolvidoscontaencerrada,Valornaodevolvidoscontaencerrada,Quantidadedenaodevolvidosmotivosdiversos,ValorPixnaodevolvidosmotivosdiversos,PercentualdeDevolucao,QtdePixbloqueadoscautelarmenteeliberados,ValorPixbloqueadoscautelarmenteeliberados,QtdePixbloqueadoscautelarmenteedevolvidos,ValorPixbloqueadoscautelarmenteedevolvidos
202507,1328154,325964,1002190,"5,436",106556,117290,"698567958,55",57483,"40390951,92",68581,"28921543,8","217386184,23",176414,"345866606,42",6961,"12980548,19",16525,"53022123,99","9,92",1674847,"1950942151,81",104320,"69748263,41"
202408,1146714,517945,628769,"10,339",97310,110058,"841974882,49",100373,"51360171,91",56247,"31849133,76","192186129,24",325692,"462457847,94",19518,"28952813,32",16115,"75168786,32","9,88",1123852,"1782124682,87",183984,"75042406,83"
202410,1263001,494693,768308,"9,707",103544,116646,"628580488,77",122794,"39915806,85",62535,"15032820,27","149179295,99",286993,"387500452,18",8646,"7460872,65",13725,"29491240,83","8,74",1378029,"1838605645,42",166090,"110695319,13"
202405,841713,346371,495342,"7,496",78907,87474,"537340807,52",51410,"29102491,12",41749,"18368850,46","109807160,53",225187,"315625731,48",7460,"9979213,15",20565,"54457360,78","8,83",1073109,"4119718259,69",70283,"111371844,17"
202512,3771745,322572,3449173,"4,544",105351,110992,"573967287,13",52810,"36947433,07",66980,"18153398,18","177895470,07",183239,"303017282,66",8235,"8299089,51",11308,"29654613,64","9,6",530773,"3082295953,9",354882,"80826967,84"
202209,196377,137732,58645,"7,167",40917,44961,"220824321,9",14856,"12832651,52",27792,"6476548,2","59960422,07",83452,"118977967,78",3758,"5635763,97",7874,"16940968,36","8,74",764838,"2416123454,85",17978,"19775721,36"
202309,416668,220850,195818,"6,59",56997,63607,"387570986,82",25922,"21169202,08",40416,"10444199,77","98169551,08",138909,"233421387,01",6924,"8601110,1",8679,"15765536,78","8,16",809754,"2982357094,08",16913,"18374840,38"
202503,1237575,347158,890417,"6,239",100046,108751,"564204191,36",79559,"18537945,4",61426,"10213257,41","193182277,44",185539,"308229638,62",4934,"5573613,15",15700,"28467459,34","5,1",1323202,"2486389426,35",142680,"78883122,82"
202202,78638,60682,17956,"5,22",23999,25899,"136036838,58",5301,"5355273,06",12711,"2792891,45","36514484,01",33079,"64184561,85",6190,"17471344,77",3401,"9718283,44","5,99",35082,"29383993,38",19507,11319480
202508,1233723,285358,948365,"4,573",99230,108656,"727685237,95",48047,"61592739,4",66566,"26471219,01","237920921,01",154402,"311772440,54",5964,"13935492,94",10379,"75992425,05","12,1",609171,"1428395887,3",573308,"184257268,52"
202509,1243189,298719,944470,"4,87",95221,103771,"610624937,92",47400,"34551758,07",61891,"16474049,88","198288950,33",168613,"317603768,2",6140,"9160789,52",14675,"34545621,92","8,36",457831,"1618157239,94",134504,"70257353,52"
202207,186056,142493,43563,"8,143",38750,42608,"213715054,18",14196,"9793327,15",25003,"4361098,23","53735560,12",67988,"110122475,65",27813,"19687049,22",7493,"16015543,81","6,62",34405,"37857432,76",18602,"17093850,35"
202401,795617,346694,448923,"9,004",72753,80304,"474119743,07",88863,"27264848,79",43479,"12637741,47","103901589,49",198643,"298215764,79",2397,"3884895,11",13312,"28214903,42","8,42",962419,"3453892895,09",59130,"40638076,69"
202601,3181303,279078,2902225,"4,385",92648,98728,"723417812,2",43627,"66102168,75",56329,"45312310,84","189847616,39",154929,"355992977,79",9400,"12358751,79",14793,"53803986,64","15,4",457528,"1938631701,09",302819,"92837232,68"
202205,229403,149007,80396,"9,46",35467,39314,"224863332,69",12682,8179939,21155,"4156913,48","48022136,81",60417,"95495730,17",43379,"47191483,62",11374,"21817129,61","5,49",27002,"29038731,29",15715,"13576390,05"
202404,780244,330889,449355,"7,615",72079,80447,"451714093,76",61539,"23131456,96",41573,"10640500,7",91699013,207255,"282777752,33",4978,"10107212,72",15544,"33358158,05","7,48",1087652,"4310520474,61",32729,"55170664,3"
202402,684125,286689,397436,"7,452",66268,73077,"420843695,16",54685,"20329838,97",38379,"10869219,34","85507804,49",182946,"280826402,92",2464,"3313131,14",8223,"19997298,3","7,41",872943,"3420815999,64",38597,"31522531,67"
202502,1101796,352632,749164,"7,073",93869,102336,"661779550,52",89041,"20716252,27",57855,"12267767,4","211202155,79",186081,"377452359,27",4913,5987572,14742,"34153443,79","4,98",1105557,"2319125350,73",171470,"137670045,73"
202310,477919,244355,233564,"6,874",58189,64848,"455757260,95",31368,"25894059,47",42909,"15502652,05","103177254,27",156848,"284472098,84",4420,"6760640,81",8810,"19950555,51","9,08",856152,"3268296893,56",18276,"24114675,31"
202510,3455984,367871,3088113,"5,701",130714,138551,"769498524,8",64155,"45100692,32",77226,"25520597,86","231039581,3",202695,"406213689,89",8918,"8753124,76",14877,"52870838,67","9,18",1211584,"2557165061,26",498353,"129532059,74"
202305,371823,261417,110406,"9,475",59523,68866,"421946778,04",23616,"29141561,1",48335,"10030452,15","105307394,76",163336,"235659270,02",5521,"6227236,58",20609,"35580863,43","9,28",848336,"2270163258,59",27916,"25564788,55"
202412,1356969,384508,972461,"6,734",109514,122719,"541247831,86",50368,"27761889,91",61260,"15069728,71","133466485,46",245861,"315827833,46",9374,"9441823,49",17645,"39680070,83","7,91",1819851,"3048110825,94",153870,"71745569,44"
202201,71509,57778,13731,"5,284",22516,24820,"122560468,28",5673,"4261762,1",12396,"2227049,21","30642980,34",30680,"62079774,01",5074,"15573593,85",3955,"7775308,77","5,29",35045,"24780856,85",20904,"10049037,94"
202505,1361184,308968,1052216,"5,21",98980,107112,"485913503,11",48643,"38849444,74",62197,"15702899,35","138655361,69",183184,"264415773,57",5622,"9604485,28",9322,"18685538,48","11,23",2142208,"2001599258,22",146675,"116539975,55"
202501,1343376,369832,973544,"7,309",102517,113884,"543393440,57",80327,"28834067,69",62689,"37215404,64","143464016,22",204396,"301266020,95",6762,"7171720,92",15658,"25442210,15","12,15",1782209,"2736819505,45",155642,"69017998,47"
202308,417673,232593,185080,"7,095",62889,70690,"410383099,54",19877,"21458142,76",45482,"11059998,24",103117215,146737,"241494191,57",9327,"11167749,01",11170,"22085802,96","7,92",822115,"2881497983,35",22109,"25699809,96"
202304,272841,179833,93008,"7,139",51284,57220,"340301303,61",17685,"17104592,55",42461,"13630556,5","99709372,14",103331,"178103521,43",3437,"5156941,41",12919,"26596319,58","9,03",545284,"1796742364,69",19054,"18918241,3"
202301,208927,140714,68213,"6,446",47618,53721,"254667303,59",14719,"12605085,82",38578,"7222005,07","86746595,81",71212,"124930478,62",3005,"4200532,56",13200,"18962605,71","7,79",525446,"1788573674,55",13319,"18416367,69"
202504,1393667,372507,1021160,"6,654",102003,110508,"603539034,35",80426,"46418988,07",61823,"21070311,32","171980201,3",213296,"333731633,26",6685,"7864899,3",10277,"22473001,1","11,18",1496668,"1875468163,06",361995,"136605262,72"
202311,503380,238073,265307,"6,425",63913,70758,"442347741,2",30442,"35898697,93",42234,"11692951,96","95357599,93",150118,"264617274,14",4602,"5895454,34",10677,"28885762,9","10,76",871656,"3336258592,05",20972,"19489843,81"
202302,210491,141113,69378,"6,552",43834,49620,"248907251,4",13978,"14631634,06",35781,"9850732,78","82009265,44",79724,"123973392,52",2359,"3750191,95",9271,"14692034,65","9,84",505719,"1680164547,27",14459,"24258552,18"
202211,215666,155177,60489,"7,376",43427,46999,"243996119,61",14426,"13685909,73",33648,"6575795,57","68845684,75",82178,"125225549,54",3266,"4412596,66",21659,"25250583,36","8,3",709026,"2421843031,51",17194,"23638676,36"
202406,924455,378361,546094,"8,124",81264,89490,"458421979,99",69070,"26671968,21",42065,"12659754,68","100631663,56",242596,"280311814,93",7589,"9915124,81",17041,"28231653,8","8,58",1125431,"4273620581,18",177834,"92730251,24"
202307,403429,230454,172975,"7,488",64639,73476,"343272136,06",20711,"19533694,57",48569,"9576716,17","96756107,98",142986,"187038267,88",10104,"11787422,19",8084,"18579927,27","8,48",741278,"2514488052,85",25250,"27236857,68"
202403,757582,323648,433934,"7,487",72331,80732,"552466388,49",66373,"29350166,04",44423,"15658336,98","117732875,95",197298,"351765152,56",4641,"7093952,63",10913,"30865904,33","8,15",965220,"3860776510,74",31832,"35621720,65"
202306,343010,201734,141276,"7,058",56610,64720,"319735983,5",20565,"19854822,46",45271,"10014782,56","92348212,06",112667,168997894,5427,"6521280,82",17804,"21998991,6","9,34",642657,"2057838701,9",38280,"25447693,6"
202204,152636,114763,37873,"8,082",32366,35562,"178163735,34",11816,"8494563,65",16606,"3582905,43","35551526,02",52193,"80683685,64",24293,"31755819,62",9855,"18095234,98","6,78",26460,"22823420,1",15415,"12057882,31"
202210,199364,147113,52251,"7,18",42523,45810,"232190741,27",14840,"15522803,17",30768,"6667304,82","66006092,49",84845,"115100297,48",3066,"4548681,65",13594,"24345561,66","9,56",1057638,"3385436880,05",17377,"21824839,66"
202604,2960714,283133,2677585,"4,238",88250,94532,"598433392,19",39248,"74654098,43",51834,"22450164,72","150014508,55",172984,"309240458,29",8585,"12785186,62",10483,"29288975,58","16,23",498421,"5485194736,57",201040,"111441791,31"
202312,650706,297344,353362,"7,057",68510,75573,"405947403,64",63319,"28041339,98",42315,"8458294,22","79613991,58",172458,"255845034,63",3409,"4209982,92",15843,"29778760,31","8,99",1086026,"3970239966,5",20449,"20432726,93"
202212,272184,184606,87578,"7,618",50645,55063,"777579069,77",16987,"14551837,02",37553,"7705261,98","84157455,25",99920,"624319976,26",3745,"5705066,08",26401,"41139473,18","2,86",634734,"2076862058,94",15423,"24634551,76"
202506,1258840,293731,965109,"5,065",92757,100678,"671404486,12",40094,"34477045,69",58225,"18911568,48","185689457,43",169628,"317390717,88",11773,"8884966,91",14011,"106050729,73","7,95",1978649,"2264774419,57",124615,"149363424,03"
202409,1159577,479646,679931,"9,799",97155,107246,"581604273,67",106211,"28637603,24",53763,"12713179,89","113296886,68",286864,"389837177,85",21380,"16802541,79",11428,"20316884,22","7,11",1148756,"1831473716,97",145244,"44386085,85"
202303,278712,185661,93051,"7,292",51277,58063,"322796828,16",19290,"17936410,5",45087,"10048737,94","103341381,51",108656,"165867701,94",2759,"3545763,75",9869,"22056832,52","8,67",581218,"1937159125,06",15723,"21052793,56"
202411,1408729,492068,916661,"9,515",119860,136587,"628719443,8",54161,"24548555,83",67503,"15505419,8","148337887,27",326645,"406772752,41",17524,"11105957,26",26235,"22448871,23","6,37",1501594,"1853547052,77",153860,"56477502,31"
202602,2813792,281625,2532168,"4,705",87124,92436,"655875551,72",43007,"58317717,49",52335,"28966579,88","181531337,48",142876,"305154112,68",31493,"14335034,01",11915,"67570770,18","13,31",522579,3468396985,294267,"106398755,23"
202206,190210,146530,43680,"8,969",38148,42363,"223678659,87",14497,"15034522,97",24087,"4462077,23","51696995,11",64213,"106416676,85",36153,"31009773,99",7580,"15058613,72","8,72",32811,"33167882,59",18467,"17579643,41"
202208,218133,155022,63111,"8,339",41752,43838,"233908763,75",17412,"10759053,55",26429,"4878295,45","60227217,75",96610,"132036968,33",6372,"7950282,81",8199,"18056945,86","6,69",49015,"91541170,38",17540,"15113669,91"
202407,1176268,530756,645512,"11,088",100833,112733,"570203598,96",104935,"29139817,57",55343,"14460886,63","125581499,06",336460,"358140040,79",12787,"10492396,85",21231,"32388958,06","7,65",1389278,"4102671832,98",138672,"63195271,79"
202203,134964,105016,29948,"7,708",35617,39102,"216939933,12",11074,"10998092,06",19244,"6013211,68","53390491,71",53516,"102721129,78",13035,"22737501,12",8147,"21079506,77","7,84",28239,"17914248,63",23376,"10421977,05"
202603,2925339,308853,2616486,"4,581",95210,101482,"705488738,02",43943,"65679679,65",55547,"27390020,66","171032127,54",193850,"402993185,09",7501,"11506958,4",8043,"26886766,68","13,19",585679,"4401783932,85",318056,"132539711,25"
202511,3436224,288600,3147624,"4,467",108829,114914,"859879196,92",49428,"39069064,69",65761,"19768857,59","206234626,35",152017,"477280722,45",8155,"33350600,32",13239,"84175325,52","6,84",698446,"2212438887,07",418580,"155439048,12"
